time_s,amplitude
0.0,-175
0.000125,-509
0.00025,293
0.000375,242
0.0005,465
0.000625,-888
0.00075,-32
0.000875,798
0.001,-39
0.001125,-511
0.00125,-307
0.001375,850
0.0015,-50
0.001625,-710
0.00175,140
0.001875,443
0.002,69
0.002125,-674
0.00225,174
0.002375,454
0.0025,-330
0.002625,-203
0.00275,69
0.002875,294
0.003,-200
0.003125,-254
0.00325,302
0.003375,19
0.0035,-51
0.003625,-43
0.00375,123
0.003875,94
0.004,-204
0.004125,182
0.00425,33
0.004375,-154
0.0045,9
0.004625,68
0.00475,145
0.004875,-202
0.005,9
0.005125,190
0.00525,-62
0.005375,-93
0.0055,-62
0.005625,151
0.00575,-99
0.005875,-104
0.006,141
0.006125,33
0.00625,-55
0.006375,-93
0.0065,92
0.006625,-11
0.00675,-82
0.006875,16
0.007,12
0.007125,25
0.00725,-103
0.007375,7
0.0075,51
0.007625,-46
0.00775,-12
0.007875,14
0.008,-12
0.008125,-54
0.00825,33
0.008375,27
0.0085,-15
0.008625,-56
0.00875,-21
0.008875,64
0.009,4
0.009125,-46
0.00925,26
0.009375,41
0.0095,55
0.009625,-24
0.00975,2
0.009875,48
0.01,-7
0.010125,-23
0.01025,-25
0.010375,24
0.0105,-36
0.010625,-18
0.01075,65
0.010875,12
0.011,43
0.011125,-23
0.01125,28
0.011375,82
0.0115,-69
0.011625,23
0.01175,-30
0.011875,-20
0.012,-54
0.012125,-24
0.01225,61
0.012375,-53
0.0125,4
0.012625,-34
0.01275,11
0.012875,-24
0.013,-65
0.013125,38
0.01325,2
0.013375,50
0.0135,-44
0.013625,17
0.01375,99
0.013875,12
0.014,1
0.014125,-55
0.01425,71
0.014375,20
0.0145,-64
0.014625,-8
0.01475,-37
0.014875,0
0.015,-19
0.015125,2
0.01525,30
0.015375,3
0.0155,-29
0.015625,-31
0.01575,32
0.015875,-49
0.016,-19
0.016125,21
0.01625,-35
0.016375,-18
0.0165,-25
0.016625,25
0.01675,63
0.016875,-16
0.017,-2
0.017125,6
0.01725,5
0.017375,-32
0.0175,-35
0.017625,45
0.01775,-1
0.017875,11
0.018,-36
0.018125,54
0.01825,10
0.018375,-61
0.0185,46
0.018625,26
0.01875,48
0.018875,-90
0.019,-24
0.019125,52
0.01925,-21
0.019375,-27
0.0195,-7
0.019625,81
0.01975,-6
0.019875,-26
0.02,35
0.020125,66
0.02025,-20
0.020375,-85
0.0205,36
0.020625,9
0.02075,-24
0.020875,-78
0.021,27
0.021125,66
0.02125,-50
0.021375,13
0.0215,41
0.021625,39
0.02175,-31
0.021875,3
0.022,28
0.022125,42
0.02225,10
0.022375,-22
0.0225,46
0.022625,-23
0.02275,-63
0.022875,-60
0.023,21
0.023125,-2
0.02325,-78
0.023375,-66
0.0235,-21
0.023625,47
0.02375,-15
0.023875,-20
0.024,4
0.024125,4
0.02425,16
0.024375,-48
0.0245,-34
0.024625,28
0.02475,25
0.024875,18
0.025,-7
0.025125,-3
0.02525,56
0.025375,11
0.0255,-27
0.025625,36
0.02575,24
0.025875,-18
0.026,-21
0.026125,31
0.02625,26
0.026375,-2
0.0265,-25
0.026625,33
0.02675,15
0.026875,-49
0.027,21
0.027125,18
0.02725,7
0.027375,-49
0.0275,-19
0.027625,12
0.02775,-12
0.027875,10
0.028,-11
0.028125,18
0.02825,-26
0.028375,-19
0.0285,34
0.028625,10
0.02875,12
0.028875,-7
0.029,-6
0.029125,24
0.02925,15
0.029375,0
0.0295,-18
0.029625,-28
0.02975,-3
0.029875,46
0.03,-41
0.030125,5
0.03025,38
0.030375,15
0.0305,-46
0.030625,-54
0.03075,25
0.030875,41
0.031,-9
0.031125,-16
0.03125,11
0.031375,-40
0.0315,-24
0.031625,3
0.03175,43
0.031875,-12
0.032,-81
0.032125,36
0.03225,9
0.032375,-33
0.0325,-22
0.032625,33
0.03275,6
0.032875,-63
0.033,-12
0.033125,33
0.03325,43
0.033375,-20
0.0335,2
0.033625,31
0.03375,-43
0.033875,3
0.034,4
0.034125,50
0.03425,39
0.034375,-43
0.0345,19
0.034625,6
0.03475,3
0.034875,-35
0.035,4
0.035125,45
0.03525,-56
0.035375,-24
0.0355,-8
0.035625,14
0.03575,-3
0.035875,1
0.036,-14
0.036125,-3
0.03625,30
0.036375,-11
0.0365,-26
0.036625,9
0.03675,10
0.036875,41
0.037,-2
0.037125,-20
0.03725,32
0.037375,35
0.0375,-15
0.037625,-35
0.03775,51
0.037875,43
0.038,-36
0.038125,-39
0.03825,41
0.038375,-51
0.0385,-4
0.038625,66
0.03875,-45
0.038875,2
0.039,-109
0.039125,86
0.03925,94
0.039375,-110
0.0395,-52
0.039625,11
0.03975,105
0.039875,-23
0.04,-74
0.040125,-35
0.04025,62
0.040375,26
0.0405,-60
0.040625,-41
0.04075,17
0.040875,63
0.041,-16
0.041125,-44
0.04125,-31
0.041375,37
0.0415,48
0.041625,-29
0.04175,-33
0.041875,27
0.042,25
0.042125,-29
0.04225,-67
0.042375,-31
0.0425,4
0.042625,-20
0.04275,-9
0.042875,-9
0.043,-29
0.043125,20
0.04325,28
0.043375,15
0.0435,38
0.043625,4
0.04375,65
0.043875,60
0.044,5
0.044125,29
0.04425,-1
0.044375,32
0.0445,-14
0.044625,-40
0.04475,39
0.044875,17
0.045,15
0.045125,-35
0.04525,-40
0.045375,-29
0.0455,-27
0.045625,-8
0.04575,-42
0.045875,9
0.046,-5
0.046125,-49
0.04625,-36
0.046375,25
0.0465,50
0.046625,-12
0.04675,-36
0.046875,1
0.047,81
0.047125,13
0.04725,-58
0.047375,-11
0.0475,15
0.047625,15
0.04775,-16
0.047875,6
0.048,45
0.048125,-23
0.04825,13
0.048375,21
0.0485,6
0.048625,11
0.04875,-56
0.048875,15
0.049,31
0.049125,-12
0.04925,-7
0.049375,4
0.0495,37
0.049625,-44
0.04975,-59
0.049875,-3
0.05,-13
0.050125,-10
0.05025,-84
0.050375,22
0.0505,-1
0.050625,-16
0.05075,15
0.050875,41
0.051,30
0.051125,-37
0.05125,1
0.051375,3
0.0515,28
0.051625,-14
0.05175,17
0.051875,-27
0.052,-9
0.052125,13
0.05225,1
0.052375,42
0.0525,-20
0.052625,23
0.05275,-6
0.052875,8
0.053,39
0.053125,-18
0.05325,-19
0.053375,-12
0.0535,28
0.053625,36
0.05375,-22
0.053875,0
0.054,8
0.054125,-9
0.05425,-27
0.054375,-11
0.0545,23
0.054625,17
0.05475,-2
0.054875,-13
0.055,51
0.055125,14
0.05525,7
0.055375,-15
0.0555,4
0.055625,-2
0.05575,-48
0.055875,-6
0.056,18
0.056125,27
0.05625,-60
0.056375,-44
0.0565,-9
0.056625,-12
0.05675,7
0.056875,-20
0.057,-14
0.057125,-53
0.05725,-8
0.057375,20
0.0575,-10
0.057625,-7
0.05775,-4
0.057875,29
0.058,27
0.058125,-27
0.05825,-24
0.058375,-21
0.0585,-18
0.058625,-5
0.05875,12
0.058875,43
0.059,47
0.059125,-3
0.05925,6
0.059375,17
0.0595,7
0.059625,-9
0.05975,22
0.059875,-27
0.06,-16
0.060125,-15
0.06025,13
0.060375,15
0.0605,25
0.060625,41
0.06075,21
0.060875,32
0.061,-40
0.061125,-14
0.06125,-3
0.061375,-10
0.0615,10
0.061625,-13
0.06175,-8
0.061875,-15
0.062,20
0.062125,44
0.06225,-10
0.062375,3
0.0625,-12
0.062625,2
0.06275,-44
0.062875,13
0.063,23
0.063125,-38
0.06325,-30
0.063375,11
0.0635,53
0.063625,3
0.06375,0
0.063875,-14
0.064,13
0.064125,-2
0.06425,-26
0.064375,13
0.0645,-6
0.064625,-12
0.06475,-31
0.064875,-6
0.065,2
0.065125,-36
0.06525,-33
0.065375,-49
0.0655,-16
0.065625,-52
0.06575,-46
0.065875,2
0.066,-6
0.066125,22
0.06625,-4
0.066375,-8
0.0665,16
0.066625,30
0.06675,24
0.066875,48
0.067,26
0.067125,10
0.06725,35
0.067375,20
0.0675,30
0.067625,-2
0.06775,24
0.067875,49
0.068,-2
0.068125,14
0.06825,-7
0.068375,-4
0.0685,-43
0.068625,5
0.06875,-4
0.068875,13
0.069,-26
0.069125,-33
0.06925,18
0.069375,-12
0.0695,-19
0.069625,-30
0.06975,23
0.069875,-13
0.07,-21
0.070125,25
0.07025,27
0.070375,-25
0.0705,-53
0.070625,-2
0.07075,19
0.070875,15
0.071,-21
0.071125,13
0.07125,-23
0.071375,-24
0.0715,30
0.071625,23
0.07175,21
0.071875,25
0.072,28
0.072125,-4
0.07225,-5
0.072375,10
0.0725,5
0.072625,6
0.07275,-35
0.072875,-45
0.073,-15
0.073125,-3
0.07325,-14
0.073375,-24
0.0735,-12
0.073625,-22
0.07375,-3
0.073875,2
0.074,-6
0.074125,-15
0.07425,-22
0.074375,16
0.0745,6
0.074625,20
0.07475,-10
0.074875,9
0.075,-1
0.075125,7
0.07525,9
0.075375,-16
0.0755,41
0.075625,-7
0.07575,-6
0.075875,12
0.076,-5
0.076125,-9
0.07625,-16
0.076375,-11
0.0765,-16
0.076625,5
0.07675,13
0.076875,40
0.077,29
0.077125,6
0.07725,9
0.077375,19
0.0775,14
0.077625,-15
0.07775,6
0.077875,7
0.078,-12
0.078125,-6
0.07825,-1
0.078375,20
0.0785,-18
0.078625,-40
0.07875,-24
0.078875,8
0.079,16
0.079125,-8
0.07925,-17
0.079375,1
0.0795,-6
0.079625,-14
0.07975,-6
0.079875,11
0.08,22
0.080125,-5
0.08025,15
0.080375,21
0.0805,-9
0.080625,17
0.08075,-1
0.080875,15
0.081,11
0.081125,12
0.08125,19
0.081375,-42
0.0815,-13
0.081625,-17
0.08175,-33
0.081875,-47
0.082,-15
0.082125,18
0.08225,-21
0.082375,-42
0.0825,-26
0.082625,1
0.08275,15
0.082875,2
0.083,8
0.083125,15
0.08325,11
0.083375,-2
0.0835,-17
0.083625,-40
0.08375,-6
0.083875,3
0.084,38
0.084125,37
0.08425,7
0.084375,-2
0.0845,-10
0.084625,10
0.08475,3
0.084875,25
0.085,-3
0.085125,34
0.08525,22
0.085375,-9
0.0855,-2
0.085625,-20
0.08575,41
0.085875,-1
0.086,-20
0.086125,3
0.08625,-7
0.086375,-13
0.0865,-16
0.086625,-43
0.08675,-24
0.086875,0
0.087,15
0.087125,-1
0.08725,24
0.087375,29
0.0875,5
0.087625,8
0.08775,14
0.087875,9
0.088,11
0.088125,-11
0.08825,15
0.088375,24
0.0885,-24
0.088625,-2
0.08875,-22
0.088875,3
0.089,-28
0.089125,-6
0.08925,1
0.089375,-14
0.0895,4
0.089625,-53
0.08975,-2
0.089875,-18
0.09,8
0.090125,15
0.09025,-22
0.090375,13
0.0905,5
0.090625,-13
0.09075,-19
0.090875,1
0.091,10
0.091125,3
0.09125,12
0.091375,11
0.0915,-6
0.091625,-18
0.09175,-7
0.091875,-2
0.092,0
0.092125,-26
0.09225,-6
0.092375,0
0.0925,-3
0.092625,-34
0.09275,-17
0.092875,25
0.093,12
0.093125,41
0.09325,7
0.093375,-4
0.0935,36
0.093625,19
0.09375,3
0.093875,-29
0.094,20
0.094125,16
0.09425,12
0.094375,-19
0.0945,0
0.094625,45
0.09475,12
0.094875,-3
0.095,-24
0.095125,33
0.09525,20
0.095375,-11
0.0955,-16
0.095625,-7
0.09575,-3
0.095875,-29
0.096,2
0.096125,-35
0.09625,-11
0.096375,-12
0.0965,-8
0.096625,2
0.09675,-40
0.096875,26
0.097,2
0.097125,3
0.09725,0
0.097375,36
0.0975,14
0.097625,-30
0.09775,4
0.097875,12
0.098,11
0.098125,-40
0.09825,-34
0.098375,1
0.0985,-16
0.098625,-39
0.09875,-50
0.098875,-7
0.099,7
0.099125,32
0.09925,-1
0.099375,4
0.0995,13
0.099625,34
0.09975,55
0.099875,-5
0.1,-11
0.100125,-8
0.10025,20
0.100375,1
0.1005,-4
0.100625,-11
0.10075,-38
0.100875,-22
0.101,2
0.101125,-4
0.10125,-28
0.101375,-3
0.1015,18
0.101625,3
0.10175,-1
0.101875,-7
0.102,22
0.102125,19
0.10225,21
0.102375,15
0.1025,45
0.102625,47
0.10275,12
0.102875,20
0.103,-9
0.103125,4
0.10325,-11
0.103375,6
0.1035,2
0.103625,-23
0.10375,-26
0.103875,-6
0.104,-23
0.104125,-22
0.10425,-20
0.104375,3
0.1045,0
0.104625,-21
0.10475,5
0.104875,-11
0.105,-17
0.105125,-15
0.10525,-9
0.105375,-15
0.1055,-20
0.105625,-6
0.10575,9
0.105875,9
0.106,-5
0.106125,3
0.10625,6
0.106375,15
0.1065,7
0.106625,2
0.10675,28
0.106875,49
0.107,6
0.107125,8
0.10725,-31
0.107375,-10
0.1075,-23
0.107625,-1
0.10775,-13
0.107875,-42
0.108,-42
0.108125,-13
0.10825,-3
0.108375,14
0.1085,24
0.108625,13
0.10875,28
0.108875,15
0.109,-25
0.109125,-28
0.10925,-25
0.109375,14
0.1095,17
0.109625,8
0.10975,7
0.109875,52
0.11,59
0.110125,6
0.11025,-20
0.110375,2
0.1105,19
0.110625,-21
0.11075,-24
0.110875,-21
0.111,-4
0.111125,-1
0.11125,-9
0.111375,9
0.1115,-22
0.111625,-17
0.11175,9
0.111875,6
0.112,-3
0.112125,-15
0.11225,-18
0.112375,-6
0.1125,-1
0.112625,-21
0.11275,26
0.112875,42
0.113,-9
0.113125,-16
0.11325,14
0.113375,23
0.1135,18
0.113625,3
0.11375,0
0.113875,-5
0.114,-15
0.114125,8
0.11425,1
0.114375,9
0.1145,-3
0.114625,-35
0.11475,-6
0.114875,-8
0.115,-23
0.115125,7
0.11525,-36
0.115375,-31
0.1155,-12
0.115625,17
0.11575,40
0.115875,-8
0.116,4
0.116125,-10
0.11625,-21
0.116375,-41
0.1165,-9
0.116625,15
0.11675,8
0.116875,24
0.117,-7
0.117125,-2
0.11725,-18
0.117375,36
0.1175,15
0.117625,0
0.11775,0
0.117875,32
0.118,27
0.118125,-11
0.11825,-18
0.118375,-19
0.1185,22
0.118625,-5
0.11875,4
0.118875,-18
0.119,-33
0.119125,16
0.11925,6
0.119375,-7
0.1195,-34
0.119625,14
0.11975,28
0.119875,28
0.12,37
0.120125,2
0.12025,17
0.120375,0
0.1205,9
0.120625,30
0.12075,-5
0.120875,-11
0.121,-34
0.121125,-29
0.12125,-43
0.121375,-4
0.1215,15
0.121625,21
0.12175,-33
0.121875,-34
0.122,10
0.122125,21
0.12225,10
0.122375,-19
0.1225,15
0.122625,2
0.12275,9
0.122875,-1
0.123,-24
0.123125,-13
0.12325,-19
0.123375,-1
0.1235,-1
0.123625,1
0.12375,-15
0.123875,-32
0.124,-23
0.124125,-20
0.12425,-7
0.124375,-7
0.1245,1
0.124625,2
0.12475,17
0.124875,23
0.125,13
0.125125,18
0.12525,10
0.125375,8
0.1255,8
0.125625,28
0.12575,4
0.125875,7
0.126,-6
0.126125,2
0.12625,1
0.126375,14
0.1265,8
0.126625,-20
0.12675,-15
0.126875,-34
0.127,-32
0.127125,-16
0.12725,-11
0.127375,15
0.1275,25
0.127625,48
0.12775,7
0.127875,-25
0.128,10
0.128125,-16
0.12825,25
0.128375,21
0.1285,53
0.128625,-53
0.12875,-16
0.128875,71
0.129,26
0.129125,-13
0.12925,-93
0.129375,2
0.1295,19
0.129625,5
0.12975,-60
0.129875,-32
0.13,34
0.130125,25
0.13025,8
0.130375,-40
0.1305,31
0.130625,42
0.13075,32
0.130875,-43
0.131,-32
0.131125,35
0.13125,16
0.131375,-44
0.1315,-66
0.131625,20
0.13175,-5
0.131875,-34
0.132,-51
0.132125,-7
0.13225,19
0.132375,-14
0.1325,-19
0.132625,-43
0.13275,-5
0.132875,-3
0.133,8
0.133125,-2
0.13325,44
0.133375,35
0.1335,9
0.133625,27
0.13375,29
0.133875,35
0.134,-23
0.134125,19
0.13425,29
0.134375,0
0.1345,1
0.134625,-14
0.13475,23
0.134875,-15
0.135,-4
0.135125,-7
0.13525,-9
0.135375,7
0.1355,-15
0.135625,-44
0.13575,-44
0.135875,3
0.136,-11
0.136125,-11
0.13625,1
0.136375,10
0.1365,9
0.136625,22
0.13675,26
0.136875,25
0.137,34
0.137125,7
0.13725,-1
0.137375,-18
0.1375,-43
0.137625,-8
0.13775,-13
0.137875,41
0.138,33
0.138125,11
0.13825,-1
0.138375,-18
0.1385,-2
0.138625,1
0.13875,44
0.138875,19
0.139,-9
0.139125,-15
0.13925,-12
0.139375,-42
0.1395,-60
0.139625,-55
0.13975,-3
0.139875,6
0.14,-12
0.140125,-24
0.14025,-17
0.140375,-6
0.1405,-10
0.140625,15
0.14075,-9
0.140875,-8
0.141,0
0.141125,-8
0.14125,9
0.141375,3
0.1415,15
0.141625,3
0.14175,3
0.141875,1
0.142,-1
0.142125,15
0.14225,36
0.142375,41
0.1425,12
0.142625,19
0.14275,25
0.142875,26
0.143,44
0.143125,-4
0.14325,-49
0.143375,-31
0.1435,-12
0.143625,32
0.14375,-3
0.143875,2
0.144,-17
0.144125,-32
0.14425,-45
0.144375,-17
0.1445,12
0.144625,21
0.14475,15
0.144875,-4
0.145,-4
0.145125,5
0.14525,9
0.145375,1
0.1455,11
0.145625,-19
0.14575,-31
0.145875,-6
0.146,10
0.146125,24
0.14625,26
0.146375,15
0.1465,9
0.146625,0
0.14675,-27
0.146875,-22
0.147,-35
0.147125,-23
0.14725,-19
0.147375,-26
0.1475,-37
0.147625,-8
0.14775,-7
0.147875,5
0.148,-5
0.148125,6
0.14825,3
0.148375,9
0.1485,9
0.148625,6
0.14875,5
0.148875,11
0.149,25
0.149125,2
0.14925,19
0.149375,12
0.1495,9
0.149625,-2
0.14975,35
0.149875,45
0.15,0
0.150125,5
0.15025,-31
0.150375,-14
0.1505,1
0.150625,-5
0.15075,-15
0.150875,-35
0.151,-36
0.151125,-42
0.15125,-25
0.151375,1
0.1515,-23
0.151625,-12
0.15175,11
0.151875,7
0.152,4
0.152125,16
0.15225,7
0.152375,3
0.1525,13
0.152625,57
0.15275,47
0.152875,34
0.153,27
0.153125,15
0.15325,17
0.153375,-1
0.1535,-10
0.153625,0
0.15375,-38
0.153875,-4
0.154,-9
0.154125,-12
0.15425,7
0.154375,25
0.1545,-2
0.154625,-14
0.15475,-16
0.154875,-13
0.155,-15
0.155125,-52
0.15525,-33
0.155375,-35
0.1555,-22
0.155625,-7
0.15575,12
0.155875,20
0.156,-9
0.156125,1
0.15625,19
0.156375,34
0.1565,0
0.156625,-12
0.15675,-14
0.156875,-13
0.157,-12
0.157125,-12
0.15725,-13
0.157375,-17
0.1575,-11
0.157625,6
0.15775,13
0.157875,3
0.158,-4
0.158125,-7
0.15825,18
0.158375,15
0.1585,36
0.158625,28
0.15875,12
0.158875,10
0.159,6
0.159125,1
0.15925,-34
0.159375,-9
0.1595,-8
0.159625,-11
0.15975,-13
0.159875,8
0.16,32
0.160125,20
0.16025,46
0.160375,29
0.1605,-8
0.160625,2
0.16075,-20
0.160875,0
0.161,-13
0.161125,-37
0.16125,-11
0.161375,15
0.1615,3
0.161625,-3
0.16175,21
0.161875,-16
0.162,-24
0.162125,-42
0.16225,-32
0.162375,10
0.1625,22
0.162625,14
0.16275,7
0.162875,7
0.163,-6
0.163125,-7
0.16325,-14
0.163375,-14
0.1635,-16
0.163625,-7
0.16375,-29
0.163875,-16
0.164,40
0.164125,11
0.16425,-3
0.164375,15
0.1645,34
0.164625,12
0.16475,-44
0.164875,-13
0.165,-11
0.165125,-8
0.16525,14
0.165375,-10
0.1655,-10
0.165625,45
0.16575,19
0.165875,-33
0.166,-4
0.166125,2
0.16625,32
0.166375,-21
0.1665,-39
0.166625,-16
0.16675,6
0.166875,25
0.167,3
0.167125,-11
0.16725,-16
0.167375,11
0.1675,7
0.167625,-15
0.16775,-22
0.167875,-5
0.168,2
0.168125,7
0.16825,56
0.168375,20
0.1685,13
0.168625,27
0.16875,9
0.168875,1
0.169,4
0.169125,2
0.16925,-3
0.169375,-12
0.1695,-35
0.169625,-14
0.16975,-23
0.169875,-23
0.17,15
0.170125,22
0.17025,22
0.170375,-8
0.1705,1
0.170625,2
0.17075,19
0.170875,29
0.171,8
0.171125,-7
0.17125,-11
0.171375,-6
0.1715,-18
0.171625,-15
0.17175,1
0.171875,21
0.172,18
0.172125,-44
0.17225,-42
0.172375,-19
0.1725,-26
0.172625,-18
0.17275,5
0.172875,3
0.173,-7
0.173125,-18
0.17325,-34
0.173375,-3
0.1735,-2
0.173625,19
0.17375,-32
0.173875,-10
0.174,9
0.174125,-1
0.17425,11
0.174375,-25
0.1745,14
0.174625,30
0.17475,14
0.174875,-22
0.175,-19
0.175125,9
0.17525,-11
0.175375,21
0.1755,-3
0.175625,49
0.17575,42
0.175875,33
0.176,27
0.176125,-5
0.17625,14
0.176375,4
0.1765,46
0.176625,24
0.17675,4
0.176875,-13
0.177,-12
0.177125,-9
0.17725,-39
0.177375,-8
0.1775,-21
0.177625,7
0.17775,-54
0.177875,-39
0.178,-15
0.178125,16
0.17825,-2
0.178375,-39
0.1785,2
0.178625,26
0.17875,49
0.178875,15
0.179,4
0.179125,9
0.17925,5
0.179375,7
0.1795,-10
0.179625,3
0.17975,7
0.179875,16
0.18,-7
0.180125,-27
0.18025,-34
0.180375,-52
0.1805,-43
0.180625,-55
0.18075,3
0.180875,4
0.181,-18
0.181125,5
0.18125,12
0.181375,15
0.1815,25
0.181625,62
0.18175,21
0.181875,16
0.182,-5
0.182125,32
0.18225,21
0.182375,-10
0.1825,15
0.182625,-15
0.18275,7
0.182875,-26
0.183,-12
0.183125,-28
0.18325,-18
0.183375,3
0.1835,-24
0.183625,-18
0.18375,-13
0.183875,-1
0.184,-60
0.184125,-19
0.18425,13
0.184375,-1
0.1845,24
0.184625,17
0.18475,19
0.184875,8
0.185,15
0.185125,7
0.18525,26
0.185375,-2
0.1855,-14
0.185625,18
0.18575,19
0.185875,32
0.186,5
0.186125,12
0.18625,20
0.186375,1
0.1865,4
0.186625,-18
0.18675,13
0.186875,19
0.187,5
0.187125,-6
0.18725,-29
0.187375,-31
0.1875,-53
0.187625,-8
0.18775,20
0.187875,11
0.188,-5
0.188125,-1
0.18825,-12
0.188375,-20
0.1885,1
0.188625,5
0.18875,5
0.188875,-24
0.189,-30
0.189125,-21
0.18925,6
0.189375,22
0.1895,-7
0.189625,-5
0.18975,-42
0.189875,-18
0.19,-30
0.190125,-25
0.19025,6
0.190375,27
0.1905,22
0.190625,-11
0.19075,-2
0.190875,-19
0.191,21
0.191125,27
0.19125,7
0.191375,17
0.1915,-12
0.191625,15
0.19175,12
0.191875,6
0.192,1
0.192125,21
0.19225,25
0.192375,-2
0.1925,-17
0.192625,10
0.19275,37
0.192875,9
0.193,0
0.193125,5
0.19325,20
0.193375,11
0.1935,-3
0.193625,6
0.19375,-8
0.193875,-7
0.194,-38
0.194125,-17
0.19425,-12
0.194375,4
0.1945,13
0.194625,-10
0.19475,-22
0.194875,-24
0.195,-13
0.195125,0
0.19525,8
0.195375,10
0.1955,-11
0.195625,-2
0.19575,21
0.195875,27
0.196,-5
0.196125,-39
0.19625,3
0.196375,-13
0.1965,3
0.196625,0
0.19675,1
0.196875,-3
0.197,-29
0.197125,4
0.19725,-20
0.197375,-13
0.1975,-17
0.197625,-5
0.19775,-12
0.197875,-15
0.198,3
0.198125,14
0.19825,22
0.198375,-9
0.1985,-4
0.198625,7
0.19875,11
0.198875,41
0.199,9
0.199125,-33
0.19925,10
0.199375,33
0.1995,46
0.199625,15
0.19975,-6
0.199875,-20
0.2,-12
0.200125,-15
0.20025,-14
0.200375,-25
0.2005,-13
0.200625,10
0.20075,15
0.200875,8
0.201,-2
0.201125,2
0.20125,-20
0.201375,11
0.2015,-8
0.201625,-2
0.20175,9
0.201875,10
0.202,-21
0.202125,-17
0.20225,22
0.202375,17
0.2025,-8
0.202625,-50
0.20275,-10
0.202875,16
0.203,-16
0.203125,0
0.20325,22
0.203375,4
0.2035,-23
0.203625,-31
0.20375,7
0.203875,17
0.204,17
0.204125,6
0.20425,20
0.204375,29
0.2045,21
0.204625,12
0.20475,26
0.204875,14
0.205,21
0.205125,15
0.20525,11
0.205375,4
0.2055,-22
0.205625,-12
0.20575,-11
0.205875,-14
0.206,-21
0.206125,-28
0.20625,-19
0.206375,-14
0.2065,-40
0.206625,-24
0.20675,-42
0.206875,-21
0.207,-42
0.207125,-34
0.20725,4
0.207375,-21
0.2075,6
0.207625,-15
0.20775,-5
0.207875,-13
0.208,9
0.208125,15
0.20825,-7
0.208375,-9
0.2085,-19
0.208625,-28
0.20875,-26
0.208875,1
0.209,40
0.209125,18
0.20925,30
0.209375,46
0.2095,66
0.209625,37
0.20975,25
0.209875,22
0.21,38
0.210125,69
0.21025,44
0.210375,32
0.2105,37
0.210625,40
0.21075,36
0.210875,9
0.211,1
0.211125,-7
0.21125,9
0.211375,5
0.2115,-21
0.211625,-1
0.21175,15
0.211875,40
0.212,9
0.212125,2
0.21225,16
0.212375,-17
0.2125,-60
0.212625,-64
0.21275,-80
0.212875,-101
0.213,-103
0.213125,-108
0.21325,-102
0.213375,-72
0.2135,-58
0.213625,-92
0.21375,-111
0.213875,-107
0.214,-74
0.214125,-49
0.21425,-53
0.214375,-34
0.2145,-23
0.214625,-14
0.21475,14
0.214875,36
0.215,32
0.215125,61
0.21525,81
0.215375,85
0.2155,105
0.215625,116
0.21575,143
0.215875,141
0.216,169
0.216125,165
0.21625,170
0.216375,170
0.2165,207
0.216625,199
0.21675,139
0.216875,135
0.217,125
0.217125,114
0.21725,56
0.217375,22
0.2175,31
0.217625,-12
0.21775,-62
0.217875,-96
0.218,-127
0.218125,-167
0.21825,-203
0.218375,-216
0.2185,-245
0.218625,-246
0.21875,-276
0.218875,-326
0.219,-347
0.219125,-366
0.21925,-371
0.219375,-384
0.2195,-399
0.219625,-416
0.21975,-344
0.219875,-329
0.22,-250
0.220125,-146
0.22025,-6
0.220375,126
0.2205,255
0.220625,378
0.22075,434
0.220875,577
0.221,673
0.221125,703
0.22125,702
0.221375,671
0.2215,670
0.221625,617
0.22175,531
0.221875,450
0.222,419
0.222125,310
0.22225,189
0.222375,92
0.2225,-11
0.222625,-79
0.22275,-187
0.222875,-174
0.223,-167
0.223125,-53
0.22325,20
0.223375,-92
0.2235,-164
0.223625,-200
0.22375,-249
0.223875,-496
0.224,-687
0.224125,-826
0.22425,-926
0.224375,-1076
0.2245,-1220
0.224625,-1243
0.22475,-1252
0.224875,-1214
0.225,-1167
0.225125,-1017
0.22525,-882
0.225375,-624
0.2255,-244
0.225625,148
0.22575,556
0.225875,983
0.226,1365
0.226125,1663
0.22625,1825
0.226375,1831
0.2265,1922
0.226625,1889
0.22675,1689
0.226875,1502
0.227,1208
0.227125,1081
0.22725,759
0.227375,479
0.2275,273
0.227625,27
0.22775,-121
0.227875,-332
0.228,-500
0.228125,-726
0.22825,-853
0.228375,-916
0.2285,-959
0.228625,-768
0.22875,-607
0.228875,-618
0.229,-685
0.229125,-665
0.22925,-618
0.229375,-733
0.2295,-999
0.229625,-1145
0.22975,-1178
0.229875,-1186
0.23,-1323
0.230125,-1283
0.23025,-1086
0.230375,-1011
0.2305,-839
0.230625,-602
0.23075,-387
0.230875,-93
0.231,189
0.231125,485
0.23125,876
0.231375,1267
0.2315,1610
0.231625,1857
0.23175,2062
0.231875,2029
0.232,2117
0.232125,1986
0.23225,1767
0.232375,1525
0.2325,1220
0.232625,1054
0.23275,679
0.232875,457
0.233,125
0.233125,-44
0.23325,-336
0.233375,-622
0.2335,-785
0.233625,-1019
0.23375,-1090
0.233875,-1191
0.234,-1236
0.234125,-1266
0.23425,-1226
0.234375,-1139
0.2345,-817
0.234625,-323
0.23475,-241
0.234875,-289
0.235,-112
0.235125,59
0.23525,15
0.235375,-276
0.2355,-470
0.235625,-569
0.23575,-601
0.235875,-854
0.236,-1085
0.236125,-1048
0.23625,-975
0.236375,-853
0.2365,-783
0.236625,-603
0.23675,-376
0.236875,171
0.237,575
0.237125,659
0.23725,1073
0.237375,1589
0.2375,1977
0.237625,2045
0.23775,1976
0.237875,1984
0.238,2017
0.238125,1774
0.23825,1219
0.238375,918
0.2385,668
0.238625,442
0.23875,28
0.238875,-290
0.239,-460
0.239125,-456
0.23925,-510
0.239375,-830
0.2395,-869
0.239625,-959
0.23975,-826
0.239875,-901
0.24,-1025
0.240125,-949
0.24025,-850
0.240375,-764
0.2405,-713
0.240625,-554
0.24075,-84
0.240875,36
0.241,-84
0.241125,134
0.24125,202
0.241375,257
0.2415,-28
0.241625,-226
0.24175,-367
0.241875,-473
0.242,-630
0.242125,-952
0.24225,-925
0.242375,-1053
0.2425,-932
0.242625,-814
0.24275,-755
0.242875,-494
0.243,-143
0.243125,300
0.24325,427
0.243375,896
0.2435,1381
0.243625,1772
0.24375,1997
0.243875,1993
0.244,1984
0.244125,1974
0.24425,1835
0.244375,1445
0.2445,1069
0.244625,694
0.24475,494
0.244875,182
0.245,-119
0.245125,-340
0.24525,-442
0.245375,-458
0.2455,-615
0.245625,-817
0.24575,-849
0.245875,-848
0.246,-861
0.246125,-982
0.24625,-1075
0.246375,-1002
0.2465,-994
0.246625,-1092
0.24675,-1096
0.246875,-895
0.247,-446
0.247125,-373
0.24725,-419
0.247375,-146
0.2475,9
0.247625,196
0.24775,-5
0.247875,-75
0.248,-40
0.248125,37
0.24825,-94
0.248375,-337
0.2485,-199
0.248625,-301
0.24875,-210
0.248875,-202
0.249,-251
0.249125,-145
0.24925,94
0.249375,363
0.2495,470
0.249625,749
0.24975,1099
0.249875,1502
0.25,1729
0.250125,1701
0.25025,1767
0.250375,1724
0.2505,1572
0.250625,1245
0.25075,840
0.250875,500
0.251,218
0.251125,-18
0.25125,-329
0.251375,-544
0.2515,-682
0.251625,-711
0.25175,-896
0.251875,-1080
0.252,-1154
0.252125,-1204
0.25225,-1227
0.252375,-1354
0.2525,-1297
0.252625,-1257
0.25275,-1174
0.252875,-1105
0.253,-1007
0.253125,-871
0.25325,-447
0.253375,48
0.2535,-67
0.253625,188
0.25375,551
0.253875,886
0.254,965
0.254125,739
0.25425,841
0.254375,886
0.2545,958
0.254625,502
0.25475,241
0.254875,171
0.255,-55
0.255125,-140
0.25525,-418
0.255375,-563
0.2555,-541
0.255625,-322
0.25575,-363
0.255875,-286
0.256,61
0.256125,431
0.25625,856
0.256375,1024
0.2565,1195
0.256625,1401
0.25675,1353
0.256875,1185
0.257,915
0.257125,634
0.25725,421
0.257375,86
0.2575,-148
0.257625,-465
0.25775,-598
0.257875,-697
0.258,-922
0.258125,-1097
0.25825,-1240
0.258375,-1222
0.2585,-1099
0.258625,-1167
0.25875,-1147
0.258875,-985
0.259,-759
0.259125,-594
0.25925,-452
0.259375,-238
0.2595,-129
0.259625,342
0.25975,628
0.259875,516
0.26,704
0.260125,1039
0.26025,1231
0.260375,1141
0.2605,958
0.260625,875
0.26075,877
0.260875,755
0.261,248
0.261125,-113
0.26125,-212
0.261375,-416
0.2615,-683
0.261625,-925
0.26175,-1049
0.261875,-1016
0.262,-776
0.262125,-827
0.26225,-745
0.262375,-315
0.2625,66
0.262625,416
0.26275,676
0.262875,929
0.263,1001
0.263125,1172
0.26325,1035
0.263375,729
0.2635,677
0.263625,416
0.26375,199
0.263875,39
0.264,-213
0.264125,-314
0.26425,-266
0.264375,-416
0.2645,-621
0.264625,-691
0.26475,-660
0.264875,-596
0.265,-575
0.265125,-602
0.26525,-484
0.265375,-223
0.2655,-141
0.265625,-123
0.26575,-105
0.265875,-3
0.266,105
0.266125,375
0.26625,442
0.266375,241
0.2665,528
0.266625,751
0.26675,800
0.266875,623
0.267,468
0.267125,439
0.26725,412
0.267375,274
0.2675,-294
0.267625,-379
0.26775,-458
0.267875,-691
0.268,-871
0.268125,-1047
0.26825,-1086
0.268375,-1055
0.2685,-812
0.268625,-923
0.26875,-660
0.268875,-251
0.269,63
0.269125,414
0.26925,731
0.269375,936
0.2695,1014
0.269625,1228
0.26975,926
0.269875,927
0.27,847
0.270125,593
0.27025,470
0.270375,426
0.2705,224
0.270625,104
0.27075,118
0.270875,-118
0.271,-191
0.271125,-352
0.27125,-465
0.271375,-482
0.2715,-415
0.271625,-413
0.27175,-466
0.271875,-294
0.272,-390
0.272125,-339
0.27225,-272
0.272375,-324
0.2725,-204
0.272625,1
0.27275,227
0.272875,-54
0.273,228
0.273125,458
0.27325,542
0.273375,551
0.2735,353
0.273625,357
0.27375,294
0.273875,256
0.274,-378
0.274125,-513
0.27425,-585
0.274375,-834
0.2745,-962
0.274625,-1122
0.27475,-1167
0.274875,-1116
0.275,-918
0.275125,-918
0.27525,-557
0.275375,-55
0.2755,332
0.275625,724
0.27575,1052
0.275875,1260
0.276,1423
0.276125,1470
0.27625,1178
0.276375,1163
0.2765,1039
0.276625,836
0.27675,636
0.276875,499
0.277,316
0.277125,158
0.27725,150
0.277375,-313
0.2775,-243
0.277625,-395
0.27775,-508
0.277875,-421
0.278,-638
0.278125,-406
0.27825,-500
0.278375,-366
0.2785,-505
0.278625,-554
0.27875,-317
0.278875,-500
0.279,-405
0.279125,-463
0.27925,-60
0.279375,-41
0.2795,-205
0.279625,155
0.27975,205
0.279875,408
0.28,295
0.280125,126
0.28025,144
0.280375,123
0.2805,-20
0.280625,-487
0.28075,-528
0.280875,-605
0.281,-738
0.281125,-799
0.28125,-914
0.281375,-868
0.2815,-761
0.281625,-468
0.28175,-311
0.281875,100
0.282,553
0.282125,929
0.28225,1286
0.282375,1504
0.2825,1410
0.282625,1654
0.28275,1538
0.282875,1203
0.283,1022
0.283125,745
0.28325,580
0.283375,360
0.2835,154
0.283625,-142
0.28375,-131
0.283875,-380
0.284,-485
0.284125,-706
0.28425,-635
0.284375,-743
0.2845,-670
0.284625,-777
0.28475,-770
0.284875,-617
0.285,-651
0.285125,-567
0.28525,-646
0.285375,-535
0.2855,-608
0.285625,-460
0.28575,-517
0.285875,-235
0.286,59
0.286125,-34
0.28625,197
0.286375,417
0.2865,635
0.286625,690
0.28675,481
0.286875,570
0.287,467
0.287125,532
0.28725,123
0.287375,-117
0.2875,-185
0.287625,-305
0.28775,-410
0.287875,-563
0.288,-563
0.288125,-640
0.28825,-401
0.288375,-191
0.2885,-136
0.288625,331
0.28875,467
0.288875,757
0.289,932
0.289125,820
0.28925,963
0.289375,834
0.2895,838
0.289625,275
0.28975,391
0.289875,74
0.29,157
0.290125,-30
0.29025,-210
0.290375,-305
0.2905,-199
0.290625,-151
0.29075,-465
0.290875,-122
0.291,-492
0.291125,-166
0.29125,-320
0.291375,-434
0.2915,-368
0.291625,-401
0.29175,-440
0.291875,-632
0.292,-639
0.292125,-553
0.29225,-537
0.292375,-454
0.2925,-542
0.292625,43
0.29275,274
0.292875,131
0.293,452
0.293125,662
0.29325,1044
0.293375,888
0.2935,729
0.293625,715
0.29375,608
0.293875,566
0.294,-24
0.294125,-306
0.29425,-328
0.294375,-550
0.2945,-579
0.294625,-912
0.29475,-992
0.294875,-995
0.295,-430
0.295125,-558
0.29525,-279
0.295375,32
0.2955,406
0.295625,709
0.29575,543
0.295875,749
0.296,625
0.296125,1071
0.29625,496
0.296375,419
0.2965,338
0.296625,384
0.29675,301
0.296875,29
0.297,-71
0.297125,85
0.29725,227
0.297375,-71
0.2975,-145
0.297625,-161
0.29775,-75
0.297875,-195
0.298,-282
0.298125,-583
0.29825,-297
0.298375,-457
0.2985,-641
0.298625,-625
0.29875,-732
0.298875,-544
0.299,-600
0.299125,-617
0.29925,-298
0.299375,118
0.2995,493
0.299625,368
0.29975,635
0.299875,1020
0.3,1177
0.300125,1081
0.30025,667
0.300375,616
0.3005,444
0.300625,297
0.30075,-460
0.300875,-777
0.301,-776
0.301125,-981
0.30125,-1178
0.301375,-1263
0.3015,-1287
0.301625,-1096
0.30175,-523
0.301875,-511
0.302,-105
0.302125,295
0.30225,701
0.302375,836
0.3025,985
0.302625,1074
0.30275,1019
0.302875,1289
0.303,779
0.303125,760
0.30325,575
0.303375,582
0.3035,329
0.303625,2
0.30375,298
0.303875,-119
0.304,101
0.304125,-53
0.30425,-407
0.304375,-73
0.3045,-339
0.304625,-372
0.30475,-503
0.304875,-658
0.305,-589
0.305125,-723
0.30525,-853
0.305375,-803
0.3055,-695
0.305625,-591
0.30575,-484
0.305875,-346
0.306,25
0.306125,302
0.30625,901
0.306375,545
0.3065,790
0.306625,1057
0.30675,1065
0.306875,991
0.307,277
0.307125,263
0.30725,-52
0.307375,-96
0.3075,-709
0.307625,-1272
0.30775,-1022
0.307875,-1243
0.308,-1342
0.308125,-1221
0.30825,-1092
0.308375,-914
0.3085,-237
0.308625,102
0.30875,111
0.308875,738
0.309,1080
0.309125,1343
0.30925,1265
0.309375,1301
0.3095,1121
0.309625,1584
0.30975,1038
0.309875,581
0.31,878
0.310125,229
0.31025,541
0.310375,-15
0.3105,-71
0.310625,-72
0.31075,-130
0.310875,-204
0.311,-596
0.311125,-340
0.31125,-485
0.311375,-714
0.3115,-747
0.311625,-1117
0.31175,-919
0.311875,-727
0.312,-1107
0.312125,-945
0.31225,-657
0.312375,-433
0.3125,-251
0.312625,-234
0.31275,145
0.312875,481
0.313,803
0.313125,918
0.31325,499
0.313375,1015
0.3135,956
0.313625,760
0.31375,478
0.313875,-15
0.314,-18
0.314125,-343
0.31425,-519
0.314375,-1148
0.3145,-1129
0.314625,-814
0.31475,-1258
0.314875,-880
0.315,-719
0.315125,-645
0.31525,159
0.315375,482
0.3155,525
0.315625,867
0.31575,1311
0.315875,1447
0.316,1245
0.316125,1516
0.31625,879
0.316375,1439
0.3165,1038
0.316625,242
0.31675,616
0.316875,15
0.317,151
0.317125,-610
0.31725,-382
0.317375,-637
0.3175,-445
0.317625,-593
0.31775,-1215
0.317875,-647
0.318,-623
0.318125,-1116
0.31825,-1007
0.318375,-860
0.3185,-892
0.318625,-512
0.31875,-685
0.318875,-648
0.319,-191
0.319125,429
0.31925,-75
0.319375,456
0.3195,565
0.319625,739
0.31975,1068
0.319875,1242
0.32,807
0.320125,823
0.32025,1251
0.320375,528
0.3205,380
0.320625,-52
0.32075,-258
0.320875,-502
0.321,-748
0.321125,-1174
0.32125,-1461
0.321375,-894
0.3215,-1118
0.321625,-1285
0.32175,-442
0.321875,-428
0.322,-161
0.322125,323
0.32225,717
0.322375,531
0.3225,1291
0.322625,1241
0.32275,1113
0.322875,1331
0.323,1035
0.323125,816
0.32325,981
0.323375,541
0.3235,-305
0.323625,427
0.32375,-413
0.323875,-526
0.324,-694
0.324125,-542
0.32425,-607
0.324375,-698
0.3245,-753
0.324625,-757
0.32475,-81
0.324875,-636
0.325,-797
0.325125,-391
0.32525,-259
0.325375,-322
0.3255,-479
0.325625,-402
0.32575,380
0.325875,470
0.326,159
0.326125,73
0.32625,894
0.326375,885
0.3265,707
0.326625,1137
0.32675,571
0.326875,888
0.327,915
0.327125,287
0.32725,144
0.327375,-286
0.3275,-317
0.327625,-1082
0.32775,-1112
0.327875,-1314
0.328,-1702
0.328125,-1194
0.32825,-1542
0.328375,-1256
0.3285,-533
0.328625,-258
0.32875,-630
0.328875,517
0.329,1074
0.329125,652
0.32925,1345
0.329375,1196
0.3295,1615
0.329625,1906
0.32975,1234
0.329875,1010
0.33,1255
0.330125,1081
0.33025,31
0.330375,-26
0.3305,-342
0.330625,-461
0.33075,-433
0.330875,-1176
0.331,-1021
0.331125,-626
0.33125,-737
0.331375,-941
0.3315,-736
0.331625,-864
0.33175,-326
0.331875,-413
0.332,-816
0.332125,-64
0.33225,177
0.332375,126
0.3325,156
0.332625,473
0.33275,585
0.332875,931
0.333,882
0.333125,637
0.33325,2198
0.333375,964
0.3335,384
0.333625,1092
0.33375,323
0.333875,507
0.334,-1107
0.334125,-1306
0.33425,-1401
0.334375,-1597
0.3345,-2134
0.334625,-3283
0.33475,-1781
0.334875,-2002
0.335,-1785
0.335125,-1326
0.33525,-994
0.335375,1350
0.3355,621
0.335625,1182
0.33575,2098
0.335875,2794
0.336,3338
0.336125,1919
0.33625,2596
0.336375,2392
0.3365,2554
0.336625,1053
0.33675,43
0.336875,708
0.337,-375
0.337125,-1158
0.33725,-1908
0.337375,-1594
0.3375,-1357
0.337625,-1924
0.33775,-1826
0.337875,-1339
0.338,-361
0.338125,-685
0.33825,-781
0.338375,101
0.3385,142
0.338625,281
0.33875,-8
0.338875,217
0.339,590
0.339125,396
0.33925,446
0.339375,267
0.3395,616
0.339625,373
0.33975,1546
0.339875,2098
0.34,-1339
0.340125,1536
0.34025,1060
0.340375,-65
0.3405,159
0.340625,-2710
0.34075,-454
0.340875,-1641
0.341,-1885
0.341125,-3869
0.34125,-2693
0.341375,-649
0.3415,-3345
0.341625,-1184
0.34175,-1440
0.341875,364
0.342,2172
0.342125,1704
0.34225,2238
0.342375,2936
0.3425,5021
0.342625,3122
0.34275,3110
0.342875,2933
0.343,2123
0.343125,2538
0.34325,-181
0.343375,-700
0.3435,-471
0.343625,-1380
0.34375,-2952
0.343875,-3016
0.344,-2180
0.344125,-2274
0.34425,-2271
0.344375,-2252
0.3445,-591
0.344625,273
0.34475,-353
0.344875,-122
0.345,904
0.345125,1168
0.34525,268
0.345375,407
0.3455,-28
0.345625,712
0.34575,546
0.345875,-510
0.346,75
0.346125,424
0.34625,470
0.346375,2720
0.3465,999
0.346625,-1329
0.34675,3200
0.346875,730
0.347,465
0.347125,-1009
0.34725,-2144
0.347375,-133
0.3475,-2236
0.347625,-2646
0.34775,-5074
0.347875,-1211
0.348,-1881
0.348125,-3950
0.34825,-1029
0.348375,-1437
0.3485,1405
0.348625,2035
0.34875,2183
0.348875,3275
0.349,4451
0.349125,5154
0.34925,3281
0.349375,4262
0.3495,2840
0.349625,1924
0.34975,1933
0.349875,-1014
0.35,-985
0.350125,-1526
0.35025,-3197
0.350375,-3381
0.3505,-3268
0.350625,-2848
0.35075,-2987
0.350875,-2365
0.351,-1650
0.351125,-316
0.35125,361
0.351375,-447
0.3515,1089
0.351625,1505
0.35175,882
0.351875,720
0.352,564
0.352125,595
0.35225,659
0.352375,120
0.3525,-166
0.352625,343
0.35275,847
0.352875,184
0.353,3431
0.353125,1262
0.35325,-1175
0.353375,3859
0.3535,363
0.353625,1052
0.35375,-1217
0.353875,-2615
0.354,-254
0.354125,-2638
0.35425,-3180
0.354375,-6078
0.3545,-1572
0.354625,-2292
0.35475,-4431
0.354875,-1293
0.355,-1602
0.355125,2102
0.35525,1983
0.355375,1961
0.3555,3848
0.355625,5049
0.35575,5875
0.355875,2857
0.356,4414
0.356125,3561
0.35625,2101
0.356375,1516
0.3565,-1877
0.356625,-602
0.35675,-1865
0.356875,-3862
0.357,-3894
0.357125,-3480
0.35725,-2433
0.357375,-3217
0.3575,-2167
0.357625,-1292
0.35775,236
0.357875,744
0.358,-343
0.358125,1339
0.35825,1731
0.358375,1021
0.3585,860
0.358625,383
0.35875,382
0.358875,485
0.359,81
0.359125,-325
0.35925,-49
0.359375,471
0.3595,611
0.359625,4414
0.35975,398
0.359875,-1010
0.36,4731
0.360125,744
0.36025,1337
0.360375,-2082
0.3605,-2468
0.360625,530
0.36075,-2962
0.360875,-4756
0.361,-6474
0.361125,-864
0.36125,-2969
0.361375,-5453
0.3615,-1707
0.361625,-1316
0.36175,2856
0.361875,1547
0.362,1095
0.362125,5118
0.36225,6208
0.362375,5431
0.3625,2832
0.362625,4833
0.36275,4463
0.362875,1993
0.363,742
0.363125,-2254
0.36325,57
0.363375,-1976
0.3635,-5092
0.363625,-3714
0.36375,-3448
0.363875,-2053
0.364,-3551
0.364125,-2448
0.36425,-594
0.364375,510
0.3645,1030
0.364625,-549
0.36475,1969
0.364875,2023
0.365,860
0.365125,866
0.36525,102
0.365375,742
0.3655,108
0.365625,-35
0.36575,-441
0.365875,-327
0.366,1052
0.366125,41
0.36625,4260
0.366375,788
0.3665,-1348
0.366625,5112
0.36675,466
0.366875,1158
0.367,-1901
0.367125,-2828
0.36725,707
0.367375,-3763
0.3675,-4908
0.367625,-6422
0.36775,-1188
0.367875,-2888
0.368,-6218
0.368125,-1242
0.36825,-717
0.368375,2512
0.3685,1689
0.368625,1702
0.36875,5865
0.368875,6258
0.369,5497
0.369125,3166
0.36925,5494
0.369375,4431
0.3695,1398
0.369625,899
0.36975,-2136
0.369875,-365
0.37,-2385
0.370125,-5174
0.37025,-3551
0.370375,-3304
0.3705,-2607
0.370625,-3447
0.37075,-2142
0.370875,-462
0.371,587
0.371125,939
0.37125,-426
0.371375,2215
0.3715,2146
0.371625,532
0.37175,736
0.371875,269
0.372,483
0.372125,-22
0.37225,-641
0.372375,-670
0.3725,-54
0.372625,487
0.37275,-379
0.372875,3522
0.373,2597
0.373125,-1892
0.37325,4159
0.373375,1685
0.3735,757
0.373625,-595
0.37375,-3834
0.373875,728
0.374,-2639
0.374125,-5065
0.37425,-6217
0.374375,-2162
0.3745,-1829
0.374625,-6187
0.37475,-1889
0.374875,-403
0.375,2037
0.375125,2162
0.37525,1410
0.375375,6297
0.3755,6059
0.375625,4884
0.37575,4408
0.375875,5074
0.376,4576
0.376125,1206
0.37625,912
0.376375,-1192
0.3765,-1028
0.376625,-2591
0.37675,-5295
0.376875,-2974
0.377,-3555
0.377125,-3862
0.37725,-2801
0.377375,-2125
0.3775,-688
0.377625,15
0.37775,719
0.377875,324
0.378,1628
0.378125,1913
0.37825,315
0.378375,1027
0.3785,483
0.378625,-43
0.37875,-155
0.378875,-180
0.379,-533
0.379125,30
0.37925,57
0.379375,141
0.3795,1817
0.379625,4576
0.37975,383
0.379875,-88
0.38,5018
0.380125,585
0.38025,901
0.380375,-2941
0.3805,-2424
0.380625,547
0.38075,-5019
0.380875,-6153
0.381,-4966
0.381125,-1084
0.38125,-4196
0.381375,-5225
0.3815,-496
0.381625,890
0.38175,2618
0.381875,1374
0.382,3164
0.382125,7427
0.38225,5505
0.382375,4221
0.3825,4385
0.382625,5028
0.38275,3453
0.382875,109
0.383,-407
0.383125,-1036
0.38325,-1469
0.383375,-3974
0.3835,-4989
0.383625,-2589
0.38375,-3363
0.383875,-3494
0.384,-2290
0.384125,-1842
0.38425,529
0.384375,295
0.3845,-121
0.384625,1022
0.38475,1898
0.384875,1184
0.385,161
0.385125,927
0.38525,45
0.385375,108
0.3855,310
0.385625,-756
0.38575,573
0.385875,430
0.386,41
0.386125,1139
0.38625,3183
0.386375,4283
0.3865,-1586
0.386625,2597
0.38675,3661
0.386875,-170
0.387,-291
0.387125,-5066
0.38725,-187
0.387375,-1835
0.3875,-6843
0.387625,-6053
0.38775,-3420
0.387875,-1236
0.388,-5549
0.388125,-3579
0.38825,1244
0.388375,2031
0.3885,2531
0.388625,1777
0.38875,5368
0.388875,7675
0.389,4485
0.389125,4003
0.38925,4535
0.389375,5025
0.3895,1468
0.389625,-835
0.38975,-469
0.389875,-1577
0.39,-2275
0.390125,-5056
0.39025,-4338
0.390375,-2234
0.3905,-3745
0.390625,-2816
0.39075,-2372
0.390875,-563
0.391,1026
0.391125,-394
0.39125,913
0.391375,1054
0.3915,2000
0.391625,919
0.39175,279
0.391875,566
0.392,282
0.392125,730
0.39225,-406
0.392375,-16
0.3925,951
0.392625,658
0.39275,372
0.392875,1189
0.393,3478
0.393125,3497
0.39325,-1846
0.393375,1979
0.3935,2968
0.393625,-666
0.39375,-2076
0.393875,-4839
0.394,-459
0.394125,-2629
0.39425,-6954
0.394375,-5631
0.3945,-2372
0.394625,-930
0.39475,-4997
0.394875,-2281
0.395,2637
0.395125,2822
0.39525,2477
0.395375,2143
0.3955,6740
0.395625,6619
0.39575,3638
0.395875,3829
0.396,4156
0.396125,3864
0.39625,-316
0.396375,-1135
0.3965,-751
0.396625,-1680
0.39675,-3328
0.396875,-5145
0.397,-2926
0.397125,-2339
0.39725,-3530
0.397375,-2385
0.3975,-1476
0.397625,379
0.39775,329
0.397875,210
0.398,1037
0.398125,1410
0.39825,1986
0.398375,381
0.3985,538
0.398625,861
0.39875,484
0.398875,241
0.399,-88
0.399125,169
0.39925,1051
0.399375,190
0.3995,460
0.399625,1640
0.39975,4278
0.399875,641
0.4,-1957
0.400125,4110
0.40025,177
0.400375,-1097
0.4005,-3919
0.400625,-3727
0.40075,285
0.400875,-5340
0.401,-6651
0.401125,-4195
0.40125,-545
0.401375,-2431
0.4015,-4594
0.401625,676
0.40175,3236
0.401875,3087
0.402,2083
0.402125,3778
0.40225,8221
0.402375,5434
0.4025,2903
0.402625,4226
0.40275,4333
0.402875,2441
0.403,-1357
0.403125,-1712
0.40325,-782
0.403375,-2390
0.4035,-4969
0.403625,-5133
0.40375,-2043
0.403875,-2927
0.404,-4068
0.404125,-1719
0.40425,-989
0.404375,968
0.4045,266
0.404625,147
0.40475,1966
0.404875,2205
0.405,1381
0.405125,209
0.40525,1579
0.405375,987
0.4055,139
0.405625,229
0.40575,-92
0.405875,926
0.406,507
0.406125,-642
0.40625,828
0.406375,1580
0.4065,3686
0.406625,-825
0.40675,-1437
0.406875,3668
0.407,-346
0.407125,-1631
0.40725,-4414
0.407375,-2327
0.4075,108
0.407625,-5524
0.40775,-6070
0.407875,-2709
0.408,185
0.408125,-2387
0.40825,-4037
0.408375,1830
0.4085,3608
0.408625,2744
0.40875,1853
0.408875,4303
0.409,7687
0.409125,3717
0.40925,3034
0.409375,3472
0.4095,3783
0.409625,1644
0.40975,-2507
0.409875,-662
0.41,-1159
0.410125,-3200
0.41025,-4375
0.410375,-4313
0.4105,-1621
0.410625,-3426
0.41075,-2988
0.410875,-1384
0.411,-703
0.411125,1186
0.41125,-120
0.411375,1147
0.4115,1649
0.411625,1703
0.41175,1302
0.411875,572
0.412,1362
0.412125,369
0.41225,537
0.412375,88
0.4125,-161
0.412625,653
0.41275,595
0.412875,-345
0.413,123
0.413125,1521
0.41325,3468
0.413375,-226
0.4135,-2028
0.413625,3138
0.41375,479
0.413875,-1846
0.414,-4181
0.414125,-2586
0.41425,408
0.414375,-5060
0.4145,-5972
0.414625,-2924
0.41475,420
0.414875,-1596
0.415,-4212
0.415125,1459
0.41525,4058
0.415375,2885
0.4155,1825
0.415625,3828
0.41575,7449
0.415875,5146
0.416,2343
0.416125,2620
0.41625,3922
0.416375,1852
0.4165,-2283
0.416625,-2197
0.41675,-1724
0.416875,-2631
0.417,-4413
0.417125,-5480
0.41725,-2657
0.417375,-2030
0.4175,-2997
0.417625,-2201
0.41775,-381
0.417875,1846
0.418,1177
0.418125,525
0.41825,1945
0.418375,3120
0.4185,2217
0.418625,559
0.41875,944
0.418875,1625
0.419,593
0.419125,-354
0.41925,-749
0.419375,945
0.4195,269
0.419625,-1511
0.41975,-139
0.419875,1797
0.42,3317
0.420125,-2528
0.42025,-983
0.420375,3270
0.4205,-451
0.420625,-1972
0.42075,-4852
0.420875,-1028
0.421,-46
0.421125,-5737
0.42125,-5255
0.421375,-2015
0.4215,1169
0.421625,-2489
0.42175,-3442
0.421875,2584
0.422,4030
0.422125,3191
0.42225,1388
0.422375,4959
0.4225,7044
0.422625,3470
0.42275,2752
0.422875,2518
0.423,3503
0.423125,385
0.42325,-2594
0.423375,-1476
0.4235,-2130
0.423625,-2875
0.42375,-4979
0.423875,-4209
0.424,-2007
0.424125,-2701
0.42425,-2087
0.424375,-1536
0.4245,476
0.424625,1829
0.42475,1210
0.424875,1289
0.425,1783
0.425125,3077
0.42525,1337
0.425375,358
0.4255,920
0.425625,430
0.42575,485
0.425875,-962
0.426,-770
0.426125,570
0.42625,-361
0.426375,-1159
0.4265,-165
0.426625,1683
0.42675,3144
0.426875,-1695
0.427,-1096
0.427125,3383
0.42725,-3
0.427375,-1845
0.4275,-4296
0.427625,-945
0.42775,69
0.427875,-5205
0.428,-4896
0.428125,-2137
0.42825,1179
0.428375,-1986
0.4285,-3264
0.428625,2138
0.42875,4112
0.428875,3263
0.429,1574
0.429125,4524
0.42925,6548
0.429375,3786
0.4295,2559
0.429625,1895
0.42975,2693
0.429875,494
0.43,-2708
0.430125,-2263
0.43025,-2404
0.430375,-2961
0.4305,-4698
0.430625,-4443
0.43075,-2244
0.430875,-2251
0.431,-1448
0.431125,-1190
0.43125,304
0.431375,2565
0.4315,1782
0.431625,1347
0.43175,1927
0.431875,2998
0.432,2026
0.432125,218
0.43225,236
0.432375,647
0.4325,513
0.432625,-1162
0.43275,-1307
0.432875,381
0.433,-336
0.433125,-820
0.43325,-173
0.433375,2905
0.4335,1600
0.433625,-2561
0.43375,1646
0.433875,1448
0.434,-353
0.434125,-2764
0.43425,-4121
0.434375,201
0.4345,-2408
0.434625,-5189
0.43475,-4284
0.434875,-943
0.435,537
0.435125,-2668
0.43525,-816
0.435375,2806
0.4355,4495
0.435625,3257
0.43575,2302
0.435875,6280
0.436,5370
0.436125,3651
0.43625,2269
0.436375,1634
0.4365,2233
0.436625,-1662
0.43675,-2658
0.436875,-3407
0.437,-3047
0.437125,-3523
0.43725,-5581
0.437375,-3411
0.4375,-2393
0.437625,-1279
0.43775,-949
0.437875,-823
0.438,2159
0.438125,2818
0.43825,2457
0.438375,1442
0.4385,2471
0.438625,3461
0.43875,901
0.438875,30
0.439,-184
0.439125,582
0.43925,-227
0.439375,-2134
0.4395,-901
0.439625,-204
0.43975,-484
0.439875,-684
0.44,608
0.440125,3134
0.44025,-1009
0.440375,-291
0.4405,1963
0.440625,155
0.44075,-594
0.440875,-4247
0.441,-1567
0.441125,-853
0.44125,-3497
0.441375,-4717
0.4415,-3126
0.441625,650
0.44175,-931
0.441875,-1537
0.442,795
0.442125,3458
0.44225,4872
0.442375,2691
0.4425,3861
0.442625,5573
0.44275,4647
0.442875,3290
0.443,814
0.443125,1506
0.44325,26
0.443375,-2100
0.4435,-3387
0.443625,-4189
0.44375,-2801
0.443875,-4155
0.444,-4457
0.444125,-2823
0.44425,-1644
0.444375,-193
0.4445,-458
0.444625,710
0.44475,2513
0.444875,3201
0.445,2371
0.445125,1238
0.44525,2876
0.445375,1958
0.4455,565
0.445625,-464
0.44575,-755
0.445875,-50
0.446,-765
0.446125,-1598
0.44625,-1274
0.446375,-187
0.4465,-63
0.446625,291
0.44675,2309
0.446875,377
0.447,-486
0.447125,2369
0.44725,13
0.447375,-226
0.4475,-2733
0.447625,-2515
0.44775,-929
0.447875,-3153
0.448,-3793
0.448125,-4212
0.44825,-447
0.448375,-911
0.4485,-1139
0.448625,326
0.44875,1735
0.448875,4726
0.449,3721
0.449125,3306
0.44925,4756
0.449375,4993
0.4495,3938
0.449625,1631
0.44975,1190
0.449875,192
0.45,-1127
0.450125,-2514
0.45025,-4367
0.450375,-3268
0.4505,-3577
0.450625,-3939
0.45075,-3282
0.450875,-2215
0.451,-686
0.451125,-38
0.45125,582
0.451375,1404
0.4515,2763
0.451625,3238
0.45175,1641
0.451875,1946
0.452,2101
0.452125,1003
0.45225,396
0.452375,-987
0.4525,-872
0.452625,-316
0.45275,-1029
0.452875,-1631
0.453,-834
0.453125,-100
0.45325,302
0.453375,1429
0.4535,997
0.453625,-941
0.45375,1612
0.453875,853
0.454,-430
0.454125,-1257
0.45425,-3135
0.454375,-555
0.4545,-2422
0.454625,-2550
0.45475,-3837
0.454875,-1998
0.455,374
0.455125,-1229
0.45525,659
0.455375,482
0.4555,3218
0.455625,4508
0.45575,3211
0.455875,2998
0.456,3664
0.456125,4382
0.45625,2219
0.456375,410
0.4565,-274
0.456625,-527
0.45675,-1045
0.456875,-3511
0.457,-4029
0.457125,-2771
0.45725,-2505
0.457375,-2731
0.4575,-2568
0.457625,-871
0.45775,495
0.457875,1209
0.458,1049
0.458125,1691
0.45825,2919
0.458375,2516
0.4585,1141
0.458625,1029
0.45875,866
0.458875,58
0.459,-683
0.459125,-1610
0.45925,-1123
0.459375,-860
0.4595,-1324
0.459625,-1230
0.45975,-540
0.459875,67
0.46,440
0.460125,545
0.46025,1171
0.460375,1035
0.4605,209
0.460625,563
0.46075,255
0.460875,-285
0.461,-1146
0.461125,-1670
0.46125,-1051
0.461375,-1386
0.4615,-1378
0.461625,-1396
0.46175,-808
0.461875,545
0.462,737
0.462125,863
0.46225,1223
0.462375,2821
0.4625,2402
0.462625,1542
0.46275,2040
0.462875,1190
0.463,1087
0.463125,-24
0.46325,-1149
0.463375,-1225
0.4635,-1677
0.463625,-1858
0.46375,-2064
0.463875,-1805
0.464,-1361
0.464125,-895
0.46425,368
0.464375,276
0.4645,720
0.464625,1625
0.46475,1393
0.464875,1947
0.465,1209
0.465125,1010
0.46525,578
0.465375,170
0.4655,-252
0.465625,-1324
0.46575,-865
0.465875,-1311
0.466,-1232
0.466125,-935
0.46625,-1182
0.466375,-132
0.4665,-57
0.466625,16
0.46675,686
0.466875,680
0.467,630
0.467125,433
0.46725,623
0.467375,197
0.4675,-88
0.467625,-474
0.46775,-557
0.467875,-534
0.468,-504
0.468125,-680
0.46825,-735
0.468375,366
0.4685,348
0.468625,803
0.46875,911
0.468875,741
0.469,1598
0.469125,1377
0.46925,597
0.469375,509
0.4695,324
0.469625,-231
0.46975,-812
0.469875,-1130
0.47,-1547
0.470125,-1617
0.47025,-1668
0.470375,-1533
0.4705,-966
0.470625,-980
0.47075,-211
0.470875,383
0.471,910
0.471125,1272
0.47125,1305
0.471375,1807
0.4715,1799
0.471625,1506
0.47175,1344
0.471875,654
0.472,450
0.472125,197
0.47225,-723
0.472375,-755
0.4725,-997
0.472625,-1010
0.47275,-1030
0.472875,-828
0.473,-688
0.473125,-432
0.47325,-71
0.473375,-86
0.4735,369
0.473625,47
0.47375,-137
0.473875,259
0.474,-25
0.474125,-321
0.47425,-350
0.474375,-428
0.4745,-408
0.474625,-400
0.47475,-49
0.474875,-142
0.475,130
0.475125,438
0.47525,568
0.475375,1096
0.4755,888
0.475625,427
0.47575,769
0.475875,925
0.476,208
0.476125,16
0.47625,-351
0.476375,-558
0.4765,-637
0.476625,-1049
0.47675,-1243
0.476875,-1166
0.477,-922
0.477125,-550
0.47725,-364
0.477375,-133
0.4775,420
0.477625,756
0.47775,1186
0.477875,1185
0.478,1146
0.478125,1282
0.47825,1008
0.478375,1090
0.4785,590
0.478625,-3
0.47875,-154
0.478875,-317
0.479,-606
0.479125,-1036
0.47925,-867
0.479375,-915
0.4795,-578
0.479625,-578
0.47975,-643
0.479875,-59
0.48,18
0.480125,225
0.48025,131
0.480375,-60
0.4805,137
0.480625,214
0.48075,-240
0.480875,-352
0.481,-234
0.481125,-53
0.48125,34
0.481375,-429
0.4815,-93
0.481625,99
0.48175,453
0.481875,441
0.482,124
0.482125,591
0.48225,581
0.482375,466
0.4825,452
0.482625,-23
0.48275,-129
0.482875,77
0.483,-112
0.483125,-539
0.48325,-898
0.483375,-621
0.4835,-369
0.483625,-425
0.48375,-588
0.483875,-405
0.484,127
0.484125,460
0.48425,475
0.484375,484
0.4845,747
0.484625,1121
0.48475,883
0.484875,509
0.485,596
0.485125,411
0.48525,295
0.485375,-102
0.4855,-397
0.485625,-234
0.48575,-573
0.485875,-591
0.486,-572
0.486125,-633
0.48625,-343
0.486375,-442
0.4865,-44
0.486625,-112
0.48675,-171
0.486875,253
0.487,14
0.487125,127
0.48725,6
0.487375,-119
0.4875,33
0.487625,-99
0.48775,-46
0.487875,178
0.488,86
0.488125,-170
0.48825,-181
0.488375,227
0.4885,274
0.488625,-22
0.48875,-410
0.488875,-152
0.489,212
0.489125,-112
0.48925,-302
0.489375,-596
0.4895,-191
0.489625,27
0.48975,-244
0.489875,-175
0.49,-116
0.490125,118
0.49025,262
0.490375,441
0.4905,295
0.490625,450
0.49075,711
0.490875,675
0.491,595
0.491125,396
0.49125,693
0.491375,363
0.4915,238
0.491625,234
0.49175,-96
0.491875,-49
0.492,-256
0.492125,-236
0.49225,-380
0.492375,-543
0.4925,-631
0.492625,-448
0.49275,-256
0.492875,-679
0.493,-734
0.493125,-534
0.49325,-94
0.493375,145
0.4935,-274
0.493625,61
0.49375,173
0.493875,455
0.494,776
0.494125,500
0.49425,860
0.494375,1143
0.4945,981
0.494625,66
0.49475,93
0.494875,-1
0.495,-375
0.495125,-1205
0.49525,-1754
0.495375,-1385
0.4955,-1497
0.495625,-1288
0.49575,-1712
0.495875,-991
0.496,-320
0.496125,-140
0.49625,697
0.496375,1163
0.4965,1323
0.496625,1590
0.49675,2500
0.496875,2329
0.497,1358
0.497125,759
0.49725,595
0.497375,533
0.4975,-242
0.497625,-1254
0.49775,-1594
0.497875,-862
0.498,-666
0.498125,-1055
0.49825,-858
0.498375,-630
0.4985,205
0.498625,712
0.49875,774
0.498875,564
0.499,751
0.499125,980
0.49925,748
0.499375,412
0.4995,-535
0.499625,-613
0.49975,-806
0.499875,-1046
0.5,-790
0.500125,-1174
0.50025,-1056
0.500375,-523
0.5005,166
0.500625,822
0.50075,2182
0.500875,2742
0.501,-25
0.501125,750
0.50125,1618
0.501375,1141
0.5015,-459
0.501625,-3568
0.50175,-2152
0.501875,-2089
0.502,-2011
0.502125,-2967
0.50225,-2812
0.502375,-1037
0.5025,-1142
0.502625,1034
0.50275,1844
0.502875,1732
0.503,2412
0.503125,3759
0.50325,3914
0.503375,2844
0.5035,1722
0.503625,1186
0.50375,625
0.503875,-1004
0.504,-1648
0.504125,-2246
0.50425,-2440
0.504375,-2798
0.5045,-2026
0.504625,-1062
0.50475,-968
0.504875,91
0.505,936
0.505125,2162
0.50525,2259
0.505375,2073
0.5055,2322
0.505625,1771
0.50575,1136
0.505875,-21
0.506,-794
0.506125,-1880
0.50625,-2534
0.506375,-2414
0.5065,-2408
0.506625,-2557
0.50675,-2202
0.506875,-943
0.507,376
0.507125,1281
0.50725,2984
0.507375,5411
0.5075,1870
0.507625,1214
0.50775,2146
0.507875,2027
0.508,982
0.508125,-4218
0.50825,-3484
0.508375,-3756
0.5085,-3587
0.508625,-3126
0.50875,-3362
0.508875,-2424
0.509,-2197
0.509125,1031
0.50925,3250
0.509375,3474
0.5095,3895
0.509625,4161
0.50975,4497
0.509875,4446
0.51,2796
0.510125,1826
0.51025,-1222
0.510375,-2482
0.5105,-2119
0.510625,-3060
0.51075,-3479
0.510875,-4433
0.511,-2935
0.511125,-1739
0.51125,-489
0.511375,1198
0.5115,1628
0.511625,2694
0.51175,2866
0.511875,3377
0.512,3890
0.512125,2117
0.51225,1060
0.512375,-489
0.5125,-1702
0.512625,-2070
0.51275,-3226
0.512875,-3596
0.513,-3845
0.513125,-2784
0.51325,-1631
0.513375,-1042
0.5135,819
0.513625,2084
0.51375,5195
0.513875,5290
0.514,2014
0.514125,2606
0.51425,1734
0.514375,1526
0.5145,-1455
0.514625,-3837
0.51475,-3973
0.514875,-5633
0.515,-4746
0.515125,-3686
0.51525,-2207
0.515375,-2187
0.5155,-1324
0.515625,1735
0.51575,4041
0.515875,4712
0.516,5967
0.516125,5410
0.51625,4478
0.516375,3589
0.5165,2786
0.516625,1302
0.51675,-2107
0.516875,-3326
0.517,-4173
0.517125,-4260
0.51725,-4027
0.517375,-3714
0.5175,-2706
0.517625,-1769
0.51775,-385
0.517875,1878
0.518,2679
0.518125,3748
0.51825,3533
0.518375,3280
0.5185,3091
0.518625,2046
0.51875,1381
0.518875,-918
0.519,-2397
0.519125,-3236
0.51925,-4103
0.519375,-3700
0.5195,-2928
0.519625,-2491
0.51975,-1731
0.519875,-721
0.52,1732
0.520125,3861
0.52025,6818
0.520375,4425
0.5205,1918
0.520625,1744
0.52075,914
0.520875,918
0.521,-2799
0.521125,-4174
0.52125,-5687
0.521375,-6449
0.5215,-4665
0.521625,-2662
0.52175,-1371
0.521875,-1190
0.522,35
0.522125,2579
0.52225,4509
0.522375,6150
0.5225,7048
0.522625,5555
0.52275,3295
0.522875,2193
0.523,1760
0.523125,117
0.52325,-2253
0.523375,-4266
0.5235,-5013
0.523625,-5231
0.52375,-3962
0.523875,-2437
0.524,-1508
0.524125,-1204
0.52425,187
0.524375,1871
0.5245,3423
0.524625,4600
0.52475,4016
0.524875,3263
0.525,1936
0.525125,1241
0.52525,116
0.525375,-1117
0.5255,-2525
0.525625,-3912
0.52575,-4591
0.525875,-3772
0.526,-2603
0.526125,-1683
0.52625,-550
0.526375,656
0.5265,2086
0.526625,4813
0.52675,6622
0.526875,4047
0.527,2497
0.527125,861
0.52725,9
0.527375,-1679
0.5275,-3279
0.527625,-3774
0.52775,-5774
0.527875,-6360
0.528,-4764
0.528125,-2087
0.52825,-584
0.528375,433
0.5285,1811
0.528625,3222
0.52875,3999
0.528875,5846
0.529,6253
0.529125,5444
0.52925,3064
0.529375,854
0.5295,-350
0.529625,-1718
0.52975,-2623
0.529875,-3621
0.53,-4289
0.530125,-4496
0.53025,-3693
0.530375,-2431
0.5305,-556
0.530625,752
0.53075,1788
0.530875,2085
0.531,2966
0.531125,3703
0.53125,3747
0.531375,3159
0.5315,1978
0.531625,457
0.53175,-1183
0.531875,-2462
0.532,-2917
0.532125,-3314
0.53225,-3711
0.532375,-3061
0.5325,-2486
0.532625,-1323
0.53275,41
0.532875,1775
0.533,3443
0.533125,6142
0.53325,5067
0.533375,2535
0.5335,1408
0.533625,-108
0.53375,-840
0.533875,-2798
0.534,-3676
0.534125,-4644
0.53425,-6058
0.534375,-5544
0.5345,-3185
0.534625,-1180
0.53475,461
0.534875,1691
0.535,2754
0.535125,3466
0.53525,4789
0.535375,6132
0.5355,5713
0.535625,3855
0.53575,2018
0.535875,410
0.536,-1501
0.536125,-2637
0.53625,-3421
0.536375,-3266
0.5365,-3910
0.536625,-3730
0.53675,-2927
0.536875,-1827
0.537,-302
0.537125,1079
0.53725,2423
0.537375,2813
0.5375,2902
0.537625,2898
0.53775,2976
0.537875,2570
0.538,1523
0.538125,-48
0.53825,-1404
0.538375,-2623
0.5385,-3411
0.538625,-3470
0.53875,-2804
0.538875,-1982
0.539,-1347
0.539125,-632
0.53925,854
0.539375,1926
0.5395,4355
0.539625,5499
0.53975,3459
0.539875,2131
0.54,50
0.540125,-1390
0.54025,-2982
0.540375,-3403
0.5405,-3108
0.540625,-4257
0.54075,-5180
0.540875,-4344
0.541,-2456
0.541125,-355
0.54125,1747
0.541375,3067
0.5415,3804
0.541625,3741
0.54175,4576
0.541875,4721
0.542,4490
0.542125,3391
0.54225,1310
0.542375,-728
0.5425,-2260
0.542625,-3205
0.54275,-3590
0.542875,-3351
0.543,-3060
0.543125,-2356
0.54325,-2038
0.543375,-1099
0.5435,22
0.543625,1296
0.54375,2605
0.543875,3072
0.544,3252
0.544125,2846
0.54425,1837
0.544375,1157
0.5445,120
0.544625,-681
0.54475,-1562
0.544875,-2417
0.545,-3008
0.545125,-3551
0.54525,-2765
0.545375,-1585
0.5455,-511
0.545625,970
0.54575,1815
0.545875,2747
0.546,4494
0.546125,3576
0.54625,2465
0.546375,1523
0.5465,-246
0.546625,-1953
0.54675,-3679
0.546875,-3888
0.547,-3679
0.547125,-4014
0.54725,-3812
0.547375,-2691
0.5475,-1624
0.547625,213
0.54775,1925
0.547875,3378
0.548,3901
0.548125,4288
0.54825,4788
0.548375,4144
0.5485,3027
0.548625,1960
0.54875,492
0.548875,-1275
0.549,-2448
0.549125,-3178
0.54925,-2911
0.549375,-3088
0.5495,-2716
0.549625,-1910
0.54975,-1159
0.549875,-60
0.55,578
0.550125,1485
0.55025,2390
0.550375,2717
0.5505,2817
0.550625,2342
0.55075,1623
0.550875,531
0.551,-877
0.551125,-1429
0.55125,-2147
0.551375,-2595
0.5515,-2817
0.551625,-2654
0.55175,-1905
0.551875,-956
0.552,118
0.552125,1229
0.55225,2481
0.552375,3874
0.5525,3945
0.552625,2670
0.55275,1605
0.552875,111
0.553,-1380
0.553125,-2845
0.55325,-3337
0.553375,-3256
0.5535,-3558
0.553625,-3472
0.55375,-2858
0.553875,-1805
0.554,-447
0.554125,827
0.55425,2529
0.554375,3553
0.5545,3818
0.554625,3944
0.55475,3818
0.554875,3481
0.555,2220
0.555125,1217
0.55525,-474
0.555375,-1830
0.5555,-2574
0.555625,-3050
0.55575,-2804
0.555875,-2466
0.556,-1818
0.556125,-1359
0.55625,-651
0.556375,399
0.5565,1160
0.556625,1619
0.55675,2201
0.556875,2395
0.557,2474
0.557125,2016
0.55725,956
0.557375,-290
0.5575,-1348
0.557625,-1737
0.55775,-2183
0.557875,-2303
0.558,-2318
0.558125,-2210
0.55825,-1600
0.558375,-615
0.5585,829
0.558625,2146
0.55875,3356
0.558875,3656
0.559,2845
0.559125,1794
0.55925,470
0.559375,-752
0.5595,-1974
0.559625,-2890
0.55975,-3077
0.559875,-3142
0.56,-3098
0.560125,-2729
0.56025,-2068
0.560375,-989
0.5605,211
0.560625,1456
0.56075,2860
0.560875,3461
0.561,4045
0.561125,3761
0.56125,2879
0.561375,2275
0.5615,1298
0.561625,428
0.56175,-924
0.561875,-1843
0.562,-2638
0.562125,-2968
0.56225,-2613
0.562375,-2024
0.5625,-1419
0.562625,-858
0.56275,4
0.562875,540
0.563,1160
0.563125,1844
0.56325,2214
0.563375,2187
0.5635,2063
0.563625,1527
0.56375,540
0.563875,-452
0.564,-1463
0.564125,-1938
0.56425,-2014
0.564375,-2014
0.5645,-1749
0.564625,-1644
0.56475,-988
0.564875,61
0.565,1594
0.565125,3102
0.56525,3070
0.565375,2798
0.5655,1594
0.565625,226
0.56575,-791
0.565875,-1877
0.566,-2383
0.566125,-2758
0.56625,-2886
0.566375,-2668
0.5665,-2484
0.566625,-1959
0.56675,-988
0.566875,-11
0.567,981
0.567125,2182
0.56725,3201
0.567375,3613
0.5675,3800
0.567625,3036
0.56775,2241
0.567875,1340
0.568,316
0.568125,-734
0.56825,-1270
0.568375,-1572
0.5685,-2247
0.568625,-2403
0.56875,-2125
0.568875,-1506
0.569,-1053
0.569125,-435
0.56925,334
0.569375,826
0.5695,1319
0.569625,1821
0.56975,1874
0.569875,1770
0.57,1407
0.570125,711
0.57025,-126
0.570375,-758
0.5705,-1306
0.570625,-1778
0.57075,-2073
0.570875,-1860
0.571,-1485
0.571125,-701
0.57125,277
0.571375,1540
0.5715,2387
0.571625,2072
0.57175,2039
0.571875,1097
0.572,-29
0.572125,-838
0.57225,-1763
0.572375,-2022
0.5725,-2070
0.572625,-2291
0.57275,-2049
0.572875,-2035
0.573,-1474
0.573125,-620
0.57325,11
0.573375,1176
0.5735,2088
0.573625,2737
0.57375,2912
0.573875,2934
0.574,2530
0.574125,1883
0.57425,1070
0.574375,391
0.5745,-408
0.574625,-1167
0.57475,-1333
0.574875,-1647
0.575,-1597
0.575125,-1452
0.57525,-1393
0.575375,-1019
0.5755,-567
0.575625,184
0.57575,703
0.575875,910
0.576,1358
0.576125,1532
0.57625,1330
0.576375,1084
0.5765,477
0.576625,-145
0.57675,-643
0.576875,-1196
0.577,-1291
0.577125,-1419
0.57725,-1435
0.577375,-1212
0.5775,-852
0.577625,258
0.57775,1489
0.577875,1849
0.578,1677
0.578125,1231
0.57825,349
0.578375,-298
0.5785,-965
0.578625,-1325
0.57875,-1469
0.578875,-1702
0.579,-1651
0.579125,-1395
0.57925,-1261
0.579375,-843
0.5795,-338
0.579625,132
0.57975,957
0.579875,1470
0.58,1972
0.580125,2355
0.58025,2655
0.580375,2268
0.5805,1673
0.580625,991
0.58075,148
0.580875,-470
0.581,-1353
0.581125,-1499
0.58125,-1473
0.581375,-1316
0.5815,-936
0.581625,-792
0.58175,-519
0.581875,-284
0.582,-51
0.582125,468
0.58225,796
0.582375,1051
0.5825,1192
0.582625,1025
0.58275,871
0.582875,551
0.583,-77
0.583125,-529
0.58325,-792
0.583375,-1065
0.5835,-1010
0.583625,-1028
0.58375,-764
0.583875,-371
0.584,731
0.584125,1253
0.58425,1163
0.584375,1036
0.5845,247
0.584625,-520
0.58475,-1246
0.584875,-1426
0.585,-1365
0.585125,-1376
0.58525,-1513
0.585375,-1152
0.5855,-972
0.585625,-636
0.58575,-101
0.585875,326
0.586,845
0.586125,1347
0.58625,2039
0.586375,2295
0.5865,2132
0.586625,1818
0.58675,1292
0.586875,612
0.587,-47
0.587125,-615
0.58725,-578
0.587375,-722
0.5875,-748
0.587625,-790
0.58775,-793
0.587875,-787
0.588,-689
0.588125,-462
0.58825,-9
0.588375,345
0.5885,469
0.588625,867
0.58875,723
0.588875,608
0.589,462
0.589125,130
0.58925,-28
0.589375,-294
0.5895,-454
0.589625,-489
0.58975,-804
0.589875,-748
0.59,-576
0.590125,-235
0.59025,206
0.590375,745
0.5905,1062
0.590625,979
0.59075,615
0.590875,-149
0.591,-875
0.591125,-1583
0.59125,-1736
0.591375,-1496
0.5915,-1169
0.591625,-940
0.59175,-654
0.591875,-490
0.592,-91
0.592125,316
0.59225,722
0.592375,1238
0.5925,1476
0.592625,2005
0.59275,2115
0.592875,1840
0.593,1385
0.593125,785
0.59325,21
0.593375,-821
0.5935,-1190
0.593625,-1053
0.59375,-760
0.593875,-638
0.594,-371
0.594125,-337
0.59425,-507
0.594375,-513
0.5945,-232
0.594625,241
0.59475,661
0.594875,780
0.595,824
0.595125,745
0.59525,351
0.595375,87
0.5955,-246
0.595625,-477
0.59575,-485
0.595875,-654
0.596,-490
0.596125,-317
0.59625,-241
0.596375,38
0.5965,299
0.596625,845
0.59675,802
0.596875,697
0.597,475
0.597125,-297
0.59725,-981
0.597375,-1574
0.5975,-1903
0.597625,-1979
0.59775,-1599
0.597875,-1038
0.598,-494
0.598125,-152
0.59825,133
0.598375,560
0.5985,935
0.598625,1332
0.59875,1884
0.598875,2008
0.599,1919
0.599125,1564
0.59925,1138
0.599375,642
0.5995,-7
0.599625,-455
0.59975,-800
0.599875,-950
0.6,-893
0.600125,-718
0.60025,-622
0.600375,-468
0.6005,-380
0.600625,-194
0.60075,131
0.600875,516
0.601,739
0.601125,854
0.60125,716
0.601375,361
0.6015,11
0.601625,-428
0.60175,-590
0.601875,-639
0.602,-681
0.602125,-645
0.60225,-529
0.602375,-363
0.6025,-206
0.602625,47
0.60275,500
0.602875,776
0.603,907
0.603125,753
0.60325,386
0.603375,14
0.6035,-432
0.603625,-1081
0.60375,-1511
0.603875,-1652
0.604,-1648
0.604125,-1313
0.60425,-872
0.604375,-169
0.6045,224
0.604625,415
0.60475,682
0.604875,1027
0.605,1365
0.605125,1608
0.60525,1826
0.605375,1626
0.6055,1330
0.605625,828
0.60575,328
0.605875,-147
0.606,-404
0.606125,-727
0.60625,-1007
0.606375,-1106
0.6065,-976
0.606625,-611
0.60675,-392
0.606875,25
0.607,262
0.607125,472
0.60725,611
0.607375,701
0.6075,786
0.607625,538
0.60775,146
0.607875,-106
0.608,-385
0.608125,-598
0.60825,-662
0.608375,-580
0.6085,-478
0.608625,-258
0.60875,-74
0.608875,162
0.609,390
0.609125,339
0.60925,271
0.609375,-25
0.6095,-306
0.609625,-716
0.60975,-986
0.609875,-1116
0.61,-1076
0.610125,-1021
0.61025,-859
0.610375,-731
0.6105,-579
0.610625,-282
0.61075,145
0.610875,850
0.611,1285
0.611125,1751
0.61125,1856
0.611375,1780
0.6115,1478
0.611625,1164
0.61175,851
0.611875,526
0.612,302
0.612125,-19
0.61225,-357
0.612375,-727
0.6125,-1022
0.612625,-1208
0.61275,-1167
0.612875,-1005
0.613,-531
0.613125,-147
0.61325,168
0.613375,504
0.6135,665
0.613625,592
0.61375,426
0.613875,176
0.614,-39
0.614125,-174
0.61425,-181
0.614375,-265
0.6145,-434
0.614625,-409
0.61475,-370
0.614875,-314
0.615,-140
0.615125,217
0.61525,389
0.615375,448
0.6155,175
0.615625,-7
0.61575,-181
0.615875,-459
0.616,-662
0.616125,-831
0.61625,-649
0.616375,-623
0.6165,-651
0.616625,-567
0.61675,-473
0.616875,-290
0.617,-35
0.617125,292
0.61725,735
0.617375,962
0.6175,1215
0.617625,1423
0.61775,1386
0.617875,1303
0.618,1064
0.618125,691
0.61825,381
0.618375,97
0.6185,-217
0.618625,-441
0.61875,-653
0.618875,-844
0.619,-1012
0.619125,-982
0.61925,-655
0.619375,-283
0.6195,26
0.619625,210
0.61975,337
0.619875,369
0.62,314
0.620125,238
0.62025,150
0.620375,79
0.6205,-14
0.620625,-167
0.62075,-286
0.620875,-262
0.621,-289
0.621125,-296
0.62125,-295
0.621375,-228
0.6215,-217
0.621625,-290
0.62175,-286
0.621875,-408
0.622,-403
0.622125,-356
0.62225,-128
0.622375,-47
0.6225,-47
0.622625,39
0.62275,-27
0.622875,-117
0.623,-149
0.623125,-43
0.62325,47
0.623375,290
0.6235,561
0.623625,760
0.62375,830
0.623875,884
0.624,837
0.624125,712
0.62425,721
0.624375,704
0.6245,552
0.624625,310
0.62475,68
0.624875,-175
0.625,-396
0.625125,-569
0.62525,-680
0.625375,-700
0.6255,-654
0.625625,-469
0.62575,-371
0.625875,-226
0.626,-79
0.626125,-61
0.62625,-48
0.626375,-37
0.6265,51
0.626625,44
0.62675,114
0.626875,231
0.627,173
0.627125,-8
0.62725,-180
0.627375,-353
0.6275,-528
0.627625,-572
0.62775,-590
0.627875,-583
0.628,-525
0.628125,-343
0.62825,-129
0.628375,-4
0.6285,146
0.628625,283
0.62875,353
0.628875,454
0.629,450
0.629125,440
0.62925,339
0.629375,220
0.6295,90
0.629625,149
0.62975,273
0.629875,288
0.63,333
0.630125,394
0.63025,564
0.630375,450
0.6305,378
0.630625,401
0.63075,341
0.630875,223
0.631,87
0.631125,89
0.63125,-32
0.631375,-254
0.6315,-464
0.631625,-512
0.63175,-590
0.631875,-660
0.632,-579
0.632125,-511
0.63225,-365
0.632375,-265
0.6325,-130
0.632625,-6
0.63275,121
0.632875,144
0.633,107
0.633125,145
0.63325,114
0.633375,108
0.6335,-127
0.633625,-247
0.63375,-428
0.633875,-634
0.634,-609
0.634125,-584
0.63425,-374
0.634375,-142
0.6345,57
0.634625,241
0.63475,439
0.634875,649
0.635,580
0.635125,477
0.63525,450
0.635375,450
0.6355,375
0.635625,281
0.63575,276
0.635875,138
0.636,44
0.636125,6
0.63625,43
0.636375,28
0.6365,-20
0.636625,49
0.63675,173
0.636875,276
0.637,305
0.637125,281
0.63725,128
0.637375,65
0.6375,-18
0.637625,-75
0.63775,-180
0.637875,-301
0.638,-373
0.638125,-524
0.63825,-520
0.638375,-512
0.6385,-437
0.638625,-262
0.63875,-188
0.638875,-89
0.639,-43
0.639125,10
0.63925,49
0.639375,21
0.6395,-27
0.639625,-126
0.63975,-242
0.639875,-363
0.64,-406
0.640125,-444
0.64025,-329
0.640375,-216
0.6405,-91
0.640625,19
0.64075,187
0.640875,338
0.641,399
0.641125,543
0.64125,611
0.641375,709
0.6415,714
0.641625,740
0.64175,710
0.641875,534
0.642,382
0.642125,213
0.64225,-23
0.642375,-232
0.6425,-197
0.642625,-95
0.64275,-73
0.642875,-68
0.643,-95
0.643125,-126
0.64325,-189
0.643375,-229
0.6435,-240
0.643625,-172
0.64375,-106
0.643875,-153
0.644,-169
0.644125,-202
0.64425,-262
0.644375,-360
0.6445,-318
0.644625,-300
0.64475,-250
0.644875,-236
0.645,-181
0.645125,-101
0.64525,-174
0.645375,-178
0.6455,-215
0.645625,-167
0.64575,-142
0.645875,-67
0.646,-27
0.646125,29
0.64625,123
0.646375,80
0.6465,40
0.646625,-16
0.64675,35
0.646875,72
0.647,205
0.647125,333
0.64725,431
0.647375,532
0.6475,575
0.647625,629
0.64775,634
0.647875,607
0.648,503
0.648125,446
0.64825,333
0.648375,150
0.6485,126
0.648625,24
0.64875,-89
0.648875,-140
0.649,-216
0.649125,-227
0.64925,-275
0.649375,-422
0.6495,-502
0.649625,-551
0.64975,-516
0.649875,-444
0.65,-410
0.650125,-311
0.65025,-249
0.650375,-207
0.6505,-219
0.650625,-213
0.65075,-132
0.650875,-63
0.651,-53
0.651125,-70
0.65125,-141
0.651375,-171
0.6515,-210
0.651625,-225
0.65175,-155
0.651875,3
0.652,148
0.652125,189
0.65225,252
0.652375,270
0.6525,284
0.652625,295
0.65275,243
0.652875,255
0.653,276
0.653125,239
0.65325,217
0.653375,226
0.6535,250
0.653625,232
0.65375,203
0.653875,270
0.654,294
0.654125,298
0.65425,309
0.654375,361
0.6545,379
0.654625,319
0.65475,173
0.654875,110
0.655,49
0.655125,-99
0.65525,-197
0.655375,-325
0.6555,-382
0.655625,-510
0.65575,-673
0.655875,-754
0.656,-743
0.656125,-679
0.65625,-552
0.656375,-394
0.6565,-331
0.656625,-288
0.65675,-179
0.656875,-72
0.657,20
0.657125,56
0.65725,67
0.657375,65
0.6575,15
0.657625,8
0.65775,23
0.657875,74
0.658,86
0.658125,145
0.65825,238
0.658375,323
0.6585,399
0.658625,395
0.65875,390
0.658875,352
0.659,327
0.659125,353
0.65925,350
0.659375,269
0.6595,179
0.659625,114
0.65975,40
0.659875,-37
0.66,-77
0.660125,22
0.66025,70
0.660375,124
0.6605,161
0.660625,214
0.66075,260
0.660875,221
0.661,180
0.661125,61
0.66125,-35
0.661375,-161
0.6615,-219
0.661625,-320
0.66175,-385
0.661875,-477
0.662,-632
0.662125,-707
0.66225,-760
0.662375,-707
0.6625,-704
0.662625,-609
0.66275,-428
0.662875,-286
0.663,-188
0.663125,-63
0.66325,98
0.663375,186
0.6635,250
0.663625,346
0.66375,414
0.663875,378
0.664,337
0.664125,345
0.66425,296
0.664375,318
0.6645,319
0.664625,319
0.66475,389
0.664875,418
0.665,413
0.665125,384
0.66525,323
0.665375,247
0.6655,206
0.665625,136
0.66575,90
0.665875,-29
0.666,-131
0.666125,-213
0.66625,-270
0.666375,-237
0.6665,-256
0.666625,-130
0.66675,-16
0.666875,109
0.667,140
0.667125,117
0.66725,140
0.667375,119
0.6675,104
0.667625,6
0.66775,-141
0.667875,-210
0.668,-344
0.668125,-405
0.66825,-498
0.668375,-604
0.6685,-727
0.668625,-833
0.66875,-755
0.668875,-670
0.669,-550
0.669125,-370
0.66925,-167
0.669375,0
0.6695,180
0.669625,358
0.66975,473
0.669875,597
0.67,629
0.670125,621
0.67025,555
0.670375,536
0.6705,433
0.670625,362
0.67075,323
0.670875,325
0.671,301
0.671125,234
0.67125,249
0.671375,198
0.6715,210
0.671625,160
0.67175,77
0.671875,-4
0.672,-60
0.672125,-29
0.67225,-146
0.672375,-198
0.6725,-251
0.672625,-303
0.67275,-285
0.672875,-279
0.673,-191
0.673125,-163
0.67325,-57
0.673375,32
0.6735,96
0.673625,79
0.67375,15
0.673875,28
0.674,19
0.674125,-3
0.67425,-126
0.674375,-246
0.6745,-431
0.674625,-524
0.67475,-589
0.674875,-658
0.675,-686
0.675125,-647
0.67525,-511
0.675375,-391
0.6755,-144
0.675625,107
0.67575,286
0.675875,414
0.676,517
0.676125,620
0.67625,656
0.676375,703
0.6765,653
0.676625,553
0.67675,488
0.676875,371
0.677,298
0.677125,211
0.67725,209
0.677375,190
0.6775,133
0.677625,87
0.67775,78
0.677875,-9
0.678,-68
0.678125,-88
0.67825,-125
0.678375,-120
0.6785,-158
0.678625,-185
0.67875,-261
0.678875,-319
0.679,-345
0.679125,-365
0.67925,-335
0.679375,-269
0.6795,-183
0.679625,-115
0.67975,65
0.679875,161
0.68,124
0.680125,143
0.68025,118
0.680375,76
0.6805,-66
0.680625,-165
0.68075,-235
0.680875,-334
0.681,-444
0.681125,-504
0.68125,-513
0.681375,-521
0.6815,-399
0.681625,-275
0.68175,-84
0.681875,120
0.682,341
0.682125,521
0.68225,610
0.682375,688
0.6825,663
0.682625,606
0.68275,535
0.682875,440
0.683,363
0.683125,286
0.68325,157
0.683375,38
0.6835,-33
0.683625,-61
0.68375,-59
0.683875,-98
0.684,-125
0.684125,-91
0.68425,-123
0.684375,-109
0.6845,-58
0.684625,-25
0.68475,-41
0.684875,-75
0.685,-131
0.685125,-247
0.68525,-325
0.685375,-339
0.6855,-285
0.685625,-248
0.68575,-174
0.685875,-123
0.686,-90
0.686125,71
0.68625,191
0.686375,235
0.6865,176
0.686625,110
0.68675,73
0.686875,-44
0.687,-146
0.687125,-262
0.68725,-325
0.687375,-402
0.6875,-413
0.687625,-378
0.68775,-326
0.687875,-209
0.688,-76
0.688125,90
0.68825,202
0.688375,353
0.6885,455
0.688625,541
0.68875,553
0.688875,542
0.689,502
0.689125,402
0.68925,365
0.689375,269
0.6895,189
0.689625,66
0.68975,-3
0.689875,-74
0.69,-184
0.690125,-179
0.69025,-225
0.690375,-182
0.6905,-137
0.690625,-83
0.69075,-82
0.690875,-61
0.691,-49
0.691125,-43
0.69125,-29
0.691375,-97
0.6915,-151
0.691625,-227
0.69175,-229
0.691875,-218
0.692,-206
0.692125,-119
0.69225,-80
0.692375,-64
0.6925,-10
0.692625,62
0.69275,94
0.692875,56
0.693,56
0.693125,9
0.69325,-75
0.693375,-149
0.6935,-188
0.693625,-182
0.69375,-185
0.693875,-191
0.694,-147
0.694125,-97
0.69425,-69
0.694375,12
0.6945,107
0.694625,230
0.69475,301
0.694875,420
0.695,457
0.695125,474
0.69525,454
0.695375,336
0.6955,309
0.695625,215
0.69575,153
0.695875,60
0.696,-50
0.696125,-142
0.69625,-211
0.696375,-207
0.6965,-199
0.696625,-152
0.69675,-141
0.696875,-133
0.697,-104
0.697125,-101
0.69725,-70
0.697375,-37
0.6975,-33
0.697625,-103
0.69775,-54
0.697875,-66
0.698,-119
0.698125,-137
0.69825,-188
0.698375,-135
0.6985,-119
0.698625,-48
0.69875,5
0.698875,26
0.699,54
0.699125,66
0.69925,70
0.699375,44
0.6995,41
0.699625,3
0.69975,-61
0.699875,-78
0.7,-72
0.700125,-85
0.70025,-79
0.700375,-78
0.7005,-97
0.700625,-102
0.70075,-44
0.700875,72
0.701,187
0.701125,250
0.70125,323
0.701375,321
0.7015,329
0.701625,276
0.70175,218
0.701875,162
0.702,126
0.702125,74
0.70225,16
0.702375,-12
0.7025,-60
0.702625,-103
0.70275,-159
0.702875,-160
0.703,-137
0.703125,-112
0.70325,-77
0.703375,-59
0.7035,-48
0.703625,-96
0.70375,-97
0.703875,-106
0.704,-101
0.704125,-110
0.70425,-146
0.704375,-129
0.7045,-149
0.704625,-133
0.70475,-101
0.704875,-69
0.705,21
0.705125,80
0.70525,96
0.705375,103
0.7055,110
0.705625,86
0.70575,74
0.705875,41
0.706,28
0.706125,11
0.70625,-26
0.706375,-16
0.7065,-101
0.706625,-101
0.70675,-84
0.706875,-64
0.707,-46
0.707125,-15
0.70725,49
0.707375,147
0.7075,236
0.707625,263
0.70775,278
0.707875,268
0.708,273
0.708125,224
0.70825,121
0.708375,83
0.7085,25
0.708625,-37
0.70875,-152
0.708875,-210
0.709,-207
0.709125,-200
0.70925,-171
0.709375,-164
0.7095,-133
0.709625,-120
0.70975,-91
0.709875,-66
0.71,-39
0.710125,-19
0.71025,-30
0.710375,-36
0.7105,-81
0.710625,-81
0.71075,-65
0.710875,-75
0.711,-68
0.711125,-30
0.71125,14
0.711375,30
0.7115,73
0.711625,95
0.71175,124
0.711875,119
0.712,132
0.712125,108
0.71225,72
0.712375,63
0.7125,35
0.712625,40
0.71275,-40
0.712875,-79
0.713,-122
0.713125,-144
0.71325,-111
0.713375,-79
0.7135,-15
0.713625,30
0.71375,104
0.713875,123
0.714,194
0.714125,217
0.71425,203
0.714375,206
0.7145,187
0.714625,134
0.71475,36
0.714875,5
0.715,-44
0.715125,-125
0.71525,-176
0.715375,-210
0.7155,-216
0.715625,-237
0.71575,-176
0.715875,-140
0.716,-94
0.716125,-90
0.71625,-61
0.716375,-25
0.7165,-49
0.716625,-24
0.71675,2
0.716875,43
0.717,30
0.717125,32
0.71725,41
0.717375,20
0.7175,56
0.717625,59
0.71775,76
0.717875,99
0.718,116
0.718125,113
0.71825,103
0.718375,85
0.7185,59
0.718625,12
0.71875,-32
0.718875,-27
0.719,-59
0.719125,-73
0.71925,-103
0.719375,-142
0.7195,-154
0.719625,-93
0.71975,-47
0.719875,-44
0.72,-1
0.720125,72
0.72025,128
0.720375,166
0.7205,163
0.720625,158
0.72075,155
0.720875,156
0.721,142
0.721125,67
0.72125,14
0.721375,-60
0.7215,-127
0.721625,-199
0.72175,-218
0.721875,-215
0.722,-202
0.722125,-160
0.72225,-117
0.722375,-75
0.7225,-59
0.722625,-36
0.72275,5
0.722875,25
0.723,41
0.723125,64
0.72325,99
0.723375,110
0.7235,93
0.723625,83
0.72375,90
0.723875,79
0.724,37
0.724125,31
0.72425,48
0.724375,91
0.7245,51
0.724625,48
0.72475,26
0.724875,38
0.725,-15
0.725125,-70
0.72525,-62
0.725375,-66
0.7255,-30
0.725625,-101
0.72575,-136
0.725875,-155
0.726,-141
0.726125,-96
0.72625,-58
0.726375,-18
0.7265,43
0.726625,87
0.72675,134
0.726875,178
0.727,180
0.727125,170
0.72725,166
0.727375,108
0.7275,46
0.727625,-9
0.72775,-117
0.727875,-162
0.728,-217
0.728125,-206
0.72825,-218
0.728375,-155
0.7285,-111
0.728625,-93
0.72875,-34
0.728875,32
0.729,92
0.729125,73
0.72925,134
0.729375,107
0.7295,159
0.729625,113
0.72975,86
0.729875,89
0.73,46
0.730125,33
0.73025,-32
0.730375,32
0.7305,27
0.730625,22
0.73075,33
0.730875,31
0.731,25
0.731125,-32
0.73125,-12
0.731375,-30
0.7315,-21
0.731625,-30
0.73175,-62
0.731875,-102
0.732,-139
0.732125,-112
0.73225,-157
0.732375,-154
0.7325,-113
0.732625,-37
0.73275,-6
0.732875,20
0.733,105
0.733125,146
0.73325,172
0.733375,138
0.7335,133
0.733625,142
0.73375,107
0.733875,49
0.734,-33
0.734125,-88
0.73425,-181
0.734375,-174
0.7345,-176
0.734625,-161
0.73475,-135
0.734875,-78
0.735,2
0.735125,16
0.73525,69
0.735375,107
0.7355,133
0.735625,104
0.73575,133
0.735875,174
0.736,110
0.736125,78
0.73625,42
0.736375,45
0.7365,-18
0.736625,-53
0.73675,-7
0.736875,3
0.737,-8
0.737125,-49
0.73725,-8
0.737375,-13
0.7375,-9
0.737625,-26
0.73775,-45
0.737875,-87
0.738,-73
0.738125,-69
0.73825,-110
0.738375,-116
0.7385,-157
0.738625,-108
0.73875,-94
0.738875,-62
0.739,-28
0.739125,11
0.73925,103
0.739375,118
0.7395,168
0.739625,183
0.73975,159
0.739875,130
0.74,109
0.740125,73
0.74025,-1
0.740375,-37
0.7405,-123
0.740625,-127
0.74075,-129
0.740875,-152
0.741,-96
0.741125,-61
0.74125,-20
0.741375,8
0.7415,39
0.741625,103
0.74175,149
0.741875,121
0.742,102
0.742125,106
0.74225,73
0.742375,74
0.7425,46
0.742625,29
0.74275,-22
0.742875,-40
0.743,-29
0.743125,-76
0.74325,-59
0.743375,-71
0.7435,-52
0.743625,-44
0.74375,-30
0.743875,-51
0.744,-73
0.744125,-57
0.74425,-105
0.744375,-93
0.7445,-137
0.744625,-89
